id_code,diagnosis,diagnosis_name,file_path
aptos_00000,2,moderate_retinopathy,train_images\aptos_00000.png
aptos_00001,4,proliferative_retinopathy,train_images\aptos_00001.png
aptos_00002,1,mild_retinopathy,train_images\aptos_00002.png
aptos_00003,0,no_diabetic_retinopathy,train_images\aptos_00003.png
aptos_00004,0,no_diabetic_retinopathy,train_images\aptos_00004.png
aptos_00005,4,proliferative_retinopathy,train_images\aptos_00005.png
aptos_00006,0,no_diabetic_retinopathy,train_images\aptos_00006.png
aptos_00007,2,moderate_retinopathy,train_images\aptos_00007.png
aptos_00008,2,moderate_retinopathy,train_images\aptos_00008.png
aptos_00009,1,mild_retinopathy,train_images\aptos_00009.png
aptos_00010,0,no_diabetic_retinopathy,train_images\aptos_00010.png
aptos_00011,2,moderate_retinopathy,train_images\aptos_00011.png
aptos_00012,0,no_diabetic_retinopathy,train_images\aptos_00012.png
aptos_00013,3,severe_retinopathy,train_images\aptos_00013.png
aptos_00014,1,mild_retinopathy,train_images\aptos_00014.png
aptos_00015,0,no_diabetic_retinopathy,train_images\aptos_00015.png
aptos_00016,2,moderate_retinopathy,train_images\aptos_00016.png
aptos_00017,0,no_diabetic_retinopathy,train_images\aptos_00017.png
aptos_00018,0,no_diabetic_retinopathy,train_images\aptos_00018.png
aptos_00019,2,moderate_retinopathy,train_images\aptos_00019.png
aptos_00020,2,moderate_retinopathy,train_images\aptos_00020.png
aptos_00021,0,no_diabetic_retinopathy,train_images\aptos_00021.png
aptos_00022,1,mild_retinopathy,train_images\aptos_00022.png
aptos_00023,2,moderate_retinopathy,train_images\aptos_00023.png
aptos_00024,0,no_diabetic_retinopathy,train_images\aptos_00024.png
aptos_00025,2,moderate_retinopathy,train_images\aptos_00025.png
aptos_00026,0,no_diabetic_retinopathy,train_images\aptos_00026.png
aptos_00027,0,no_diabetic_retinopathy,train_images\aptos_00027.png
aptos_00028,0,no_diabetic_retinopathy,train_images\aptos_00028.png
aptos_00029,0,no_diabetic_retinopathy,train_images\aptos_00029.png
aptos_00030,0,no_diabetic_retinopathy,train_images\aptos_00030.png
aptos_00031,0,no_diabetic_retinopathy,train_images\aptos_00031.png
aptos_00032,4,proliferative_retinopathy,train_images\aptos_00032.png
aptos_00033,2,moderate_retinopathy,train_images\aptos_00033.png
aptos_00034,4,proliferative_retinopathy,train_images\aptos_00034.png
aptos_00035,2,moderate_retinopathy,train_images\aptos_00035.png
aptos_00036,0,no_diabetic_retinopathy,train_images\aptos_00036.png
aptos_00037,0,no_diabetic_retinopathy,train_images\aptos_00037.png
aptos_00038,4,proliferative_retinopathy,train_images\aptos_00038.png
aptos_00039,0,no_diabetic_retinopathy,train_images\aptos_00039.png
aptos_00040,4,proliferative_retinopathy,train_images\aptos_00040.png
aptos_00041,2,moderate_retinopathy,train_images\aptos_00041.png
aptos_00042,2,moderate_retinopathy,train_images\aptos_00042.png
aptos_00043,4,proliferative_retinopathy,train_images\aptos_00043.png
aptos_00044,2,moderate_retinopathy,train_images\aptos_00044.png
aptos_00045,1,mild_retinopathy,train_images\aptos_00045.png
aptos_00046,2,moderate_retinopathy,train_images\aptos_00046.png
aptos_00047,4,proliferative_retinopathy,train_images\aptos_00047.png
aptos_00048,0,no_diabetic_retinopathy,train_images\aptos_00048.png
aptos_00049,3,severe_retinopathy,train_images\aptos_00049.png
aptos_00050,1,mild_retinopathy,train_images\aptos_00050.png
aptos_00051,2,moderate_retinopathy,train_images\aptos_00051.png
aptos_00052,2,moderate_retinopathy,train_images\aptos_00052.png
aptos_00053,2,moderate_retinopathy,train_images\aptos_00053.png
aptos_00054,2,moderate_retinopathy,train_images\aptos_00054.png
aptos_00055,0,no_diabetic_retinopathy,train_images\aptos_00055.png
aptos_00056,3,severe_retinopathy,train_images\aptos_00056.png
aptos_00057,0,no_diabetic_retinopathy,train_images\aptos_00057.png
aptos_00058,2,moderate_retinopathy,train_images\aptos_00058.png
aptos_00059,1,mild_retinopathy,train_images\aptos_00059.png
aptos_00060,0,no_diabetic_retinopathy,train_images\aptos_00060.png
aptos_00061,2,moderate_retinopathy,train_images\aptos_00061.png
aptos_00062,0,no_diabetic_retinopathy,train_images\aptos_00062.png
aptos_00063,0,no_diabetic_retinopathy,train_images\aptos_00063.png
aptos_00064,0,no_diabetic_retinopathy,train_images\aptos_00064.png
aptos_00065,0,no_diabetic_retinopathy,train_images\aptos_00065.png
aptos_00066,2,moderate_retinopathy,train_images\aptos_00066.png
aptos_00067,2,moderate_retinopathy,train_images\aptos_00067.png
aptos_00068,0,no_diabetic_retinopathy,train_images\aptos_00068.png
aptos_00069,0,no_diabetic_retinopathy,train_images\aptos_00069.png
aptos_00070,0,no_diabetic_retinopathy,train_images\aptos_00070.png
aptos_00071,1,mild_retinopathy,train_images\aptos_00071.png
aptos_00072,1,mild_retinopathy,train_images\aptos_00072.png
aptos_00073,0,no_diabetic_retinopathy,train_images\aptos_00073.png
aptos_00074,3,severe_retinopathy,train_images\aptos_00074.png
aptos_00075,0,no_diabetic_retinopathy,train_images\aptos_00075.png
aptos_00076,2,moderate_retinopathy,train_images\aptos_00076.png
aptos_00077,0,no_diabetic_retinopathy,train_images\aptos_00077.png
aptos_00078,2,moderate_retinopathy,train_images\aptos_00078.png
aptos_00079,0,no_diabetic_retinopathy,train_images\aptos_00079.png
aptos_00080,1,mild_retinopathy,train_images\aptos_00080.png
aptos_00081,3,severe_retinopathy,train_images\aptos_00081.png
aptos_00082,1,mild_retinopathy,train_images\aptos_00082.png
aptos_00083,0,no_diabetic_retinopathy,train_images\aptos_00083.png
aptos_00084,2,moderate_retinopathy,train_images\aptos_00084.png
aptos_00085,0,no_diabetic_retinopathy,train_images\aptos_00085.png
aptos_00086,0,no_diabetic_retinopathy,train_images\aptos_00086.png
aptos_00087,3,severe_retinopathy,train_images\aptos_00087.png
aptos_00088,4,proliferative_retinopathy,train_images\aptos_00088.png
aptos_00089,2,moderate_retinopathy,train_images\aptos_00089.png
aptos_00090,2,moderate_retinopathy,train_images\aptos_00090.png
aptos_00091,0,no_diabetic_retinopathy,train_images\aptos_00091.png
aptos_00092,0,no_diabetic_retinopathy,train_images\aptos_00092.png
aptos_00093,0,no_diabetic_retinopathy,train_images\aptos_00093.png
aptos_00094,0,no_diabetic_retinopathy,train_images\aptos_00094.png
aptos_00095,1,mild_retinopathy,train_images\aptos_00095.png
aptos_00096,0,no_diabetic_retinopathy,train_images\aptos_00096.png
aptos_00097,3,severe_retinopathy,train_images\aptos_00097.png
aptos_00098,1,mild_retinopathy,train_images\aptos_00098.png
aptos_00099,0,no_diabetic_retinopathy,train_images\aptos_00099.png
aptos_00100,2,moderate_retinopathy,train_images\aptos_00100.png
aptos_00101,2,moderate_retinopathy,train_images\aptos_00101.png
aptos_00102,0,no_diabetic_retinopathy,train_images\aptos_00102.png
aptos_00103,0,no_diabetic_retinopathy,train_images\aptos_00103.png
aptos_00104,0,no_diabetic_retinopathy,train_images\aptos_00104.png
aptos_00105,4,proliferative_retinopathy,train_images\aptos_00105.png
aptos_00106,4,proliferative_retinopathy,train_images\aptos_00106.png
aptos_00107,0,no_diabetic_retinopathy,train_images\aptos_00107.png
aptos_00108,0,no_diabetic_retinopathy,train_images\aptos_00108.png
aptos_00109,1,mild_retinopathy,train_images\aptos_00109.png
aptos_00110,2,moderate_retinopathy,train_images\aptos_00110.png
aptos_00111,4,proliferative_retinopathy,train_images\aptos_00111.png
aptos_00112,0,no_diabetic_retinopathy,train_images\aptos_00112.png
aptos_00113,0,no_diabetic_retinopathy,train_images\aptos_00113.png
aptos_00114,2,moderate_retinopathy,train_images\aptos_00114.png
aptos_00115,0,no_diabetic_retinopathy,train_images\aptos_00115.png
aptos_00116,0,no_diabetic_retinopathy,train_images\aptos_00116.png
aptos_00117,0,no_diabetic_retinopathy,train_images\aptos_00117.png
aptos_00118,0,no_diabetic_retinopathy,train_images\aptos_00118.png
aptos_00119,0,no_diabetic_retinopathy,train_images\aptos_00119.png
aptos_00120,3,severe_retinopathy,train_images\aptos_00120.png
aptos_00121,0,no_diabetic_retinopathy,train_images\aptos_00121.png
aptos_00122,2,moderate_retinopathy,train_images\aptos_00122.png
aptos_00123,2,moderate_retinopathy,train_images\aptos_00123.png
aptos_00124,0,no_diabetic_retinopathy,train_images\aptos_00124.png
aptos_00125,0,no_diabetic_retinopathy,train_images\aptos_00125.png
aptos_00126,4,proliferative_retinopathy,train_images\aptos_00126.png
aptos_00127,0,no_diabetic_retinopathy,train_images\aptos_00127.png
aptos_00128,0,no_diabetic_retinopathy,train_images\aptos_00128.png
aptos_00129,1,mild_retinopathy,train_images\aptos_00129.png
aptos_00130,0,no_diabetic_retinopathy,train_images\aptos_00130.png
aptos_00131,2,moderate_retinopathy,train_images\aptos_00131.png
aptos_00132,0,no_diabetic_retinopathy,train_images\aptos_00132.png
aptos_00133,2,moderate_retinopathy,train_images\aptos_00133.png
aptos_00134,2,moderate_retinopathy,train_images\aptos_00134.png
aptos_00135,2,moderate_retinopathy,train_images\aptos_00135.png
aptos_00136,1,mild_retinopathy,train_images\aptos_00136.png
aptos_00137,0,no_diabetic_retinopathy,train_images\aptos_00137.png
aptos_00138,0,no_diabetic_retinopathy,train_images\aptos_00138.png
aptos_00139,1,mild_retinopathy,train_images\aptos_00139.png
aptos_00140,0,no_diabetic_retinopathy,train_images\aptos_00140.png
aptos_00141,0,no_diabetic_retinopathy,train_images\aptos_00141.png
aptos_00142,0,no_diabetic_retinopathy,train_images\aptos_00142.png
aptos_00143,2,moderate_retinopathy,train_images\aptos_00143.png
aptos_00144,0,no_diabetic_retinopathy,train_images\aptos_00144.png
aptos_00145,2,moderate_retinopathy,train_images\aptos_00145.png
aptos_00146,1,mild_retinopathy,train_images\aptos_00146.png
aptos_00147,4,proliferative_retinopathy,train_images\aptos_00147.png
aptos_00148,0,no_diabetic_retinopathy,train_images\aptos_00148.png
aptos_00149,2,moderate_retinopathy,train_images\aptos_00149.png
aptos_00150,0,no_diabetic_retinopathy,train_images\aptos_00150.png
aptos_00151,2,moderate_retinopathy,train_images\aptos_00151.png
aptos_00152,0,no_diabetic_retinopathy,train_images\aptos_00152.png
aptos_00153,0,no_diabetic_retinopathy,train_images\aptos_00153.png
aptos_00154,0,no_diabetic_retinopathy,train_images\aptos_00154.png
aptos_00155,0,no_diabetic_retinopathy,train_images\aptos_00155.png
aptos_00156,0,no_diabetic_retinopathy,train_images\aptos_00156.png
aptos_00157,0,no_diabetic_retinopathy,train_images\aptos_00157.png
aptos_00158,4,proliferative_retinopathy,train_images\aptos_00158.png
aptos_00159,2,moderate_retinopathy,train_images\aptos_00159.png
aptos_00160,0,no_diabetic_retinopathy,train_images\aptos_00160.png
aptos_00161,0,no_diabetic_retinopathy,train_images\aptos_00161.png
aptos_00162,2,moderate_retinopathy,train_images\aptos_00162.png
aptos_00163,2,moderate_retinopathy,train_images\aptos_00163.png
aptos_00164,2,moderate_retinopathy,train_images\aptos_00164.png
aptos_00165,3,severe_retinopathy,train_images\aptos_00165.png
aptos_00166,2,moderate_retinopathy,train_images\aptos_00166.png
aptos_00167,0,no_diabetic_retinopathy,train_images\aptos_00167.png
aptos_00168,3,severe_retinopathy,train_images\aptos_00168.png
aptos_00169,0,no_diabetic_retinopathy,train_images\aptos_00169.png
aptos_00170,0,no_diabetic_retinopathy,train_images\aptos_00170.png
aptos_00171,0,no_diabetic_retinopathy,train_images\aptos_00171.png
aptos_00172,0,no_diabetic_retinopathy,train_images\aptos_00172.png
aptos_00173,4,proliferative_retinopathy,train_images\aptos_00173.png
aptos_00174,0,no_diabetic_retinopathy,train_images\aptos_00174.png
aptos_00175,2,moderate_retinopathy,train_images\aptos_00175.png
aptos_00176,0,no_diabetic_retinopathy,train_images\aptos_00176.png
aptos_00177,1,mild_retinopathy,train_images\aptos_00177.png
aptos_00178,0,no_diabetic_retinopathy,train_images\aptos_00178.png
aptos_00179,0,no_diabetic_retinopathy,train_images\aptos_00179.png
aptos_00180,0,no_diabetic_retinopathy,train_images\aptos_00180.png
aptos_00181,2,moderate_retinopathy,train_images\aptos_00181.png
aptos_00182,0,no_diabetic_retinopathy,train_images\aptos_00182.png
aptos_00183,0,no_diabetic_retinopathy,train_images\aptos_00183.png
aptos_00184,0,no_diabetic_retinopathy,train_images\aptos_00184.png
aptos_00185,0,no_diabetic_retinopathy,train_images\aptos_00185.png
aptos_00186,2,moderate_retinopathy,train_images\aptos_00186.png
aptos_00187,0,no_diabetic_retinopathy,train_images\aptos_00187.png
aptos_00188,1,mild_retinopathy,train_images\aptos_00188.png
aptos_00189,3,severe_retinopathy,train_images\aptos_00189.png
aptos_00190,1,mild_retinopathy,train_images\aptos_00190.png
aptos_00191,0,no_diabetic_retinopathy,train_images\aptos_00191.png
aptos_00192,4,proliferative_retinopathy,train_images\aptos_00192.png
aptos_00193,0,no_diabetic_retinopathy,train_images\aptos_00193.png
aptos_00194,0,no_diabetic_retinopathy,train_images\aptos_00194.png
aptos_00195,2,moderate_retinopathy,train_images\aptos_00195.png
aptos_00196,4,proliferative_retinopathy,train_images\aptos_00196.png
aptos_00197,0,no_diabetic_retinopathy,train_images\aptos_00197.png
aptos_00198,1,mild_retinopathy,train_images\aptos_00198.png
aptos_00199,0,no_diabetic_retinopathy,train_images\aptos_00199.png
aptos_00200,3,severe_retinopathy,train_images\aptos_00200.png
aptos_00201,0,no_diabetic_retinopathy,train_images\aptos_00201.png
aptos_00202,2,moderate_retinopathy,train_images\aptos_00202.png
aptos_00203,2,moderate_retinopathy,train_images\aptos_00203.png
aptos_00204,0,no_diabetic_retinopathy,train_images\aptos_00204.png
aptos_00205,1,mild_retinopathy,train_images\aptos_00205.png
aptos_00206,0,no_diabetic_retinopathy,train_images\aptos_00206.png
aptos_00207,3,severe_retinopathy,train_images\aptos_00207.png
aptos_00208,3,severe_retinopathy,train_images\aptos_00208.png
aptos_00209,1,mild_retinopathy,train_images\aptos_00209.png
aptos_00210,2,moderate_retinopathy,train_images\aptos_00210.png
aptos_00211,0,no_diabetic_retinopathy,train_images\aptos_00211.png
aptos_00212,0,no_diabetic_retinopathy,train_images\aptos_00212.png
aptos_00213,2,moderate_retinopathy,train_images\aptos_00213.png
aptos_00214,2,moderate_retinopathy,train_images\aptos_00214.png
aptos_00215,0,no_diabetic_retinopathy,train_images\aptos_00215.png
aptos_00216,2,moderate_retinopathy,train_images\aptos_00216.png
aptos_00217,0,no_diabetic_retinopathy,train_images\aptos_00217.png
aptos_00218,0,no_diabetic_retinopathy,train_images\aptos_00218.png
aptos_00219,2,moderate_retinopathy,train_images\aptos_00219.png
aptos_00220,1,mild_retinopathy,train_images\aptos_00220.png
aptos_00221,0,no_diabetic_retinopathy,train_images\aptos_00221.png
aptos_00222,0,no_diabetic_retinopathy,train_images\aptos_00222.png
aptos_00223,1,mild_retinopathy,train_images\aptos_00223.png
aptos_00224,0,no_diabetic_retinopathy,train_images\aptos_00224.png
aptos_00225,0,no_diabetic_retinopathy,train_images\aptos_00225.png
aptos_00226,0,no_diabetic_retinopathy,train_images\aptos_00226.png
aptos_00227,2,moderate_retinopathy,train_images\aptos_00227.png
aptos_00228,2,moderate_retinopathy,train_images\aptos_00228.png
aptos_00229,0,no_diabetic_retinopathy,train_images\aptos_00229.png
aptos_00230,1,mild_retinopathy,train_images\aptos_00230.png
aptos_00231,0,no_diabetic_retinopathy,train_images\aptos_00231.png
aptos_00232,4,proliferative_retinopathy,train_images\aptos_00232.png
aptos_00233,1,mild_retinopathy,train_images\aptos_00233.png
aptos_00234,1,mild_retinopathy,train_images\aptos_00234.png
aptos_00235,2,moderate_retinopathy,train_images\aptos_00235.png
aptos_00236,4,proliferative_retinopathy,train_images\aptos_00236.png
aptos_00237,2,moderate_retinopathy,train_images\aptos_00237.png
aptos_00238,2,moderate_retinopathy,train_images\aptos_00238.png
aptos_00239,2,moderate_retinopathy,train_images\aptos_00239.png
aptos_00240,0,no_diabetic_retinopathy,train_images\aptos_00240.png
aptos_00241,2,moderate_retinopathy,train_images\aptos_00241.png
aptos_00242,0,no_diabetic_retinopathy,train_images\aptos_00242.png
aptos_00243,2,moderate_retinopathy,train_images\aptos_00243.png
aptos_00244,0,no_diabetic_retinopathy,train_images\aptos_00244.png
aptos_00245,2,moderate_retinopathy,train_images\aptos_00245.png
aptos_00246,2,moderate_retinopathy,train_images\aptos_00246.png
aptos_00247,0,no_diabetic_retinopathy,train_images\aptos_00247.png
aptos_00248,0,no_diabetic_retinopathy,train_images\aptos_00248.png
aptos_00249,0,no_diabetic_retinopathy,train_images\aptos_00249.png
aptos_00250,0,no_diabetic_retinopathy,train_images\aptos_00250.png
aptos_00251,1,mild_retinopathy,train_images\aptos_00251.png
aptos_00252,1,mild_retinopathy,train_images\aptos_00252.png
aptos_00253,2,moderate_retinopathy,train_images\aptos_00253.png
aptos_00254,0,no_diabetic_retinopathy,train_images\aptos_00254.png
aptos_00255,2,moderate_retinopathy,train_images\aptos_00255.png
aptos_00256,0,no_diabetic_retinopathy,train_images\aptos_00256.png
aptos_00257,2,moderate_retinopathy,train_images\aptos_00257.png
aptos_00258,1,mild_retinopathy,train_images\aptos_00258.png
aptos_00259,0,no_diabetic_retinopathy,train_images\aptos_00259.png
aptos_00260,0,no_diabetic_retinopathy,train_images\aptos_00260.png
aptos_00261,0,no_diabetic_retinopathy,train_images\aptos_00261.png
aptos_00262,2,moderate_retinopathy,train_images\aptos_00262.png
aptos_00263,0,no_diabetic_retinopathy,train_images\aptos_00263.png
aptos_00264,2,moderate_retinopathy,train_images\aptos_00264.png
aptos_00265,2,moderate_retinopathy,train_images\aptos_00265.png
aptos_00266,2,moderate_retinopathy,train_images\aptos_00266.png
aptos_00267,2,moderate_retinopathy,train_images\aptos_00267.png
aptos_00268,0,no_diabetic_retinopathy,train_images\aptos_00268.png
aptos_00269,2,moderate_retinopathy,train_images\aptos_00269.png
aptos_00270,2,moderate_retinopathy,train_images\aptos_00270.png
aptos_00271,2,moderate_retinopathy,train_images\aptos_00271.png
aptos_00272,0,no_diabetic_retinopathy,train_images\aptos_00272.png
aptos_00273,3,severe_retinopathy,train_images\aptos_00273.png
aptos_00274,2,moderate_retinopathy,train_images\aptos_00274.png
aptos_00275,0,no_diabetic_retinopathy,train_images\aptos_00275.png
aptos_00276,0,no_diabetic_retinopathy,train_images\aptos_00276.png
aptos_00277,0,no_diabetic_retinopathy,train_images\aptos_00277.png
aptos_00278,0,no_diabetic_retinopathy,train_images\aptos_00278.png
aptos_00279,2,moderate_retinopathy,train_images\aptos_00279.png
aptos_00280,2,moderate_retinopathy,train_images\aptos_00280.png
aptos_00281,0,no_diabetic_retinopathy,train_images\aptos_00281.png
aptos_00282,2,moderate_retinopathy,train_images\aptos_00282.png
aptos_00283,2,moderate_retinopathy,train_images\aptos_00283.png
aptos_00284,0,no_diabetic_retinopathy,train_images\aptos_00284.png
aptos_00285,3,severe_retinopathy,train_images\aptos_00285.png
aptos_00286,0,no_diabetic_retinopathy,train_images\aptos_00286.png
aptos_00287,1,mild_retinopathy,train_images\aptos_00287.png
aptos_00288,2,moderate_retinopathy,train_images\aptos_00288.png
aptos_00289,0,no_diabetic_retinopathy,train_images\aptos_00289.png
aptos_00290,4,proliferative_retinopathy,train_images\aptos_00290.png
aptos_00291,3,severe_retinopathy,train_images\aptos_00291.png
aptos_00292,0,no_diabetic_retinopathy,train_images\aptos_00292.png
aptos_00293,0,no_diabetic_retinopathy,train_images\aptos_00293.png
aptos_00294,0,no_diabetic_retinopathy,train_images\aptos_00294.png
aptos_00295,0,no_diabetic_retinopathy,train_images\aptos_00295.png
aptos_00296,3,severe_retinopathy,train_images\aptos_00296.png
aptos_00297,2,moderate_retinopathy,train_images\aptos_00297.png
aptos_00298,0,no_diabetic_retinopathy,train_images\aptos_00298.png
aptos_00299,4,proliferative_retinopathy,train_images\aptos_00299.png
aptos_00300,0,no_diabetic_retinopathy,train_images\aptos_00300.png
aptos_00301,0,no_diabetic_retinopathy,train_images\aptos_00301.png
aptos_00302,0,no_diabetic_retinopathy,train_images\aptos_00302.png
aptos_00303,4,proliferative_retinopathy,train_images\aptos_00303.png
aptos_00304,3,severe_retinopathy,train_images\aptos_00304.png
aptos_00305,4,proliferative_retinopathy,train_images\aptos_00305.png
aptos_00306,2,moderate_retinopathy,train_images\aptos_00306.png
aptos_00307,1,mild_retinopathy,train_images\aptos_00307.png
aptos_00308,0,no_diabetic_retinopathy,train_images\aptos_00308.png
aptos_00309,2,moderate_retinopathy,train_images\aptos_00309.png
aptos_00310,0,no_diabetic_retinopathy,train_images\aptos_00310.png
aptos_00311,0,no_diabetic_retinopathy,train_images\aptos_00311.png
aptos_00312,0,no_diabetic_retinopathy,train_images\aptos_00312.png
aptos_00313,0,no_diabetic_retinopathy,train_images\aptos_00313.png
aptos_00314,0,no_diabetic_retinopathy,train_images\aptos_00314.png
aptos_00315,2,moderate_retinopathy,train_images\aptos_00315.png
aptos_00316,1,mild_retinopathy,train_images\aptos_00316.png
aptos_00317,0,no_diabetic_retinopathy,train_images\aptos_00317.png
aptos_00318,2,moderate_retinopathy,train_images\aptos_00318.png
aptos_00319,2,moderate_retinopathy,train_images\aptos_00319.png
aptos_00320,2,moderate_retinopathy,train_images\aptos_00320.png
aptos_00321,0,no_diabetic_retinopathy,train_images\aptos_00321.png
aptos_00322,0,no_diabetic_retinopathy,train_images\aptos_00322.png
aptos_00323,0,no_diabetic_retinopathy,train_images\aptos_00323.png
aptos_00324,0,no_diabetic_retinopathy,train_images\aptos_00324.png
aptos_00325,4,proliferative_retinopathy,train_images\aptos_00325.png
aptos_00326,0,no_diabetic_retinopathy,train_images\aptos_00326.png
aptos_00327,2,moderate_retinopathy,train_images\aptos_00327.png
aptos_00328,0,no_diabetic_retinopathy,train_images\aptos_00328.png
aptos_00329,0,no_diabetic_retinopathy,train_images\aptos_00329.png
aptos_00330,2,moderate_retinopathy,train_images\aptos_00330.png
aptos_00331,1,mild_retinopathy,train_images\aptos_00331.png
aptos_00332,0,no_diabetic_retinopathy,train_images\aptos_00332.png
aptos_00333,0,no_diabetic_retinopathy,train_images\aptos_00333.png
aptos_00334,0,no_diabetic_retinopathy,train_images\aptos_00334.png
aptos_00335,0,no_diabetic_retinopathy,train_images\aptos_00335.png
aptos_00336,2,moderate_retinopathy,train_images\aptos_00336.png
aptos_00337,2,moderate_retinopathy,train_images\aptos_00337.png
aptos_00338,0,no_diabetic_retinopathy,train_images\aptos_00338.png
aptos_00339,2,moderate_retinopathy,train_images\aptos_00339.png
aptos_00340,2,moderate_retinopathy,train_images\aptos_00340.png
aptos_00341,3,severe_retinopathy,train_images\aptos_00341.png
aptos_00342,0,no_diabetic_retinopathy,train_images\aptos_00342.png
aptos_00343,3,severe_retinopathy,train_images\aptos_00343.png
aptos_00344,2,moderate_retinopathy,train_images\aptos_00344.png
aptos_00345,1,mild_retinopathy,train_images\aptos_00345.png
aptos_00346,0,no_diabetic_retinopathy,train_images\aptos_00346.png
aptos_00347,2,moderate_retinopathy,train_images\aptos_00347.png
aptos_00348,2,moderate_retinopathy,train_images\aptos_00348.png
aptos_00349,1,mild_retinopathy,train_images\aptos_00349.png
aptos_00350,0,no_diabetic_retinopathy,train_images\aptos_00350.png
aptos_00351,0,no_diabetic_retinopathy,train_images\aptos_00351.png
aptos_00352,1,mild_retinopathy,train_images\aptos_00352.png
aptos_00353,4,proliferative_retinopathy,train_images\aptos_00353.png
aptos_00354,1,mild_retinopathy,train_images\aptos_00354.png
aptos_00355,0,no_diabetic_retinopathy,train_images\aptos_00355.png
aptos_00356,0,no_diabetic_retinopathy,train_images\aptos_00356.png
aptos_00357,2,moderate_retinopathy,train_images\aptos_00357.png
aptos_00358,0,no_diabetic_retinopathy,train_images\aptos_00358.png
aptos_00359,2,moderate_retinopathy,train_images\aptos_00359.png
aptos_00360,4,proliferative_retinopathy,train_images\aptos_00360.png
aptos_00361,4,proliferative_retinopathy,train_images\aptos_00361.png
aptos_00362,3,severe_retinopathy,train_images\aptos_00362.png
aptos_00363,0,no_diabetic_retinopathy,train_images\aptos_00363.png
aptos_00364,2,moderate_retinopathy,train_images\aptos_00364.png
aptos_00365,0,no_diabetic_retinopathy,train_images\aptos_00365.png
aptos_00366,2,moderate_retinopathy,train_images\aptos_00366.png
aptos_00367,1,mild_retinopathy,train_images\aptos_00367.png
aptos_00368,4,proliferative_retinopathy,train_images\aptos_00368.png
aptos_00369,0,no_diabetic_retinopathy,train_images\aptos_00369.png
aptos_00370,0,no_diabetic_retinopathy,train_images\aptos_00370.png
aptos_00371,2,moderate_retinopathy,train_images\aptos_00371.png
aptos_00372,3,severe_retinopathy,train_images\aptos_00372.png
aptos_00373,0,no_diabetic_retinopathy,train_images\aptos_00373.png
aptos_00374,0,no_diabetic_retinopathy,train_images\aptos_00374.png
aptos_00375,2,moderate_retinopathy,train_images\aptos_00375.png
aptos_00376,1,mild_retinopathy,train_images\aptos_00376.png
aptos_00377,2,moderate_retinopathy,train_images\aptos_00377.png
aptos_00378,4,proliferative_retinopathy,train_images\aptos_00378.png
aptos_00379,1,mild_retinopathy,train_images\aptos_00379.png
aptos_00380,2,moderate_retinopathy,train_images\aptos_00380.png
aptos_00381,0,no_diabetic_retinopathy,train_images\aptos_00381.png
aptos_00382,1,mild_retinopathy,train_images\aptos_00382.png
aptos_00383,0,no_diabetic_retinopathy,train_images\aptos_00383.png
aptos_00384,2,moderate_retinopathy,train_images\aptos_00384.png
aptos_00385,4,proliferative_retinopathy,train_images\aptos_00385.png
aptos_00386,2,moderate_retinopathy,train_images\aptos_00386.png
aptos_00387,2,moderate_retinopathy,train_images\aptos_00387.png
aptos_00388,2,moderate_retinopathy,train_images\aptos_00388.png
aptos_00389,2,moderate_retinopathy,train_images\aptos_00389.png
aptos_00390,0,no_diabetic_retinopathy,train_images\aptos_00390.png
aptos_00391,3,severe_retinopathy,train_images\aptos_00391.png
aptos_00392,0,no_diabetic_retinopathy,train_images\aptos_00392.png
aptos_00393,0,no_diabetic_retinopathy,train_images\aptos_00393.png
aptos_00394,0,no_diabetic_retinopathy,train_images\aptos_00394.png
aptos_00395,0,no_diabetic_retinopathy,train_images\aptos_00395.png
aptos_00396,0,no_diabetic_retinopathy,train_images\aptos_00396.png
aptos_00397,0,no_diabetic_retinopathy,train_images\aptos_00397.png
aptos_00398,2,moderate_retinopathy,train_images\aptos_00398.png
aptos_00399,0,no_diabetic_retinopathy,train_images\aptos_00399.png
aptos_00400,0,no_diabetic_retinopathy,train_images\aptos_00400.png
aptos_00401,1,mild_retinopathy,train_images\aptos_00401.png
aptos_00402,2,moderate_retinopathy,train_images\aptos_00402.png
aptos_00403,0,no_diabetic_retinopathy,train_images\aptos_00403.png
aptos_00404,0,no_diabetic_retinopathy,train_images\aptos_00404.png
aptos_00405,0,no_diabetic_retinopathy,train_images\aptos_00405.png
aptos_00406,0,no_diabetic_retinopathy,train_images\aptos_00406.png
aptos_00407,0,no_diabetic_retinopathy,train_images\aptos_00407.png
aptos_00408,2,moderate_retinopathy,train_images\aptos_00408.png
aptos_00409,1,mild_retinopathy,train_images\aptos_00409.png
aptos_00410,0,no_diabetic_retinopathy,train_images\aptos_00410.png
aptos_00411,2,moderate_retinopathy,train_images\aptos_00411.png
aptos_00412,0,no_diabetic_retinopathy,train_images\aptos_00412.png
aptos_00413,0,no_diabetic_retinopathy,train_images\aptos_00413.png
aptos_00414,2,moderate_retinopathy,train_images\aptos_00414.png
aptos_00415,0,no_diabetic_retinopathy,train_images\aptos_00415.png
aptos_00416,2,moderate_retinopathy,train_images\aptos_00416.png
aptos_00417,2,moderate_retinopathy,train_images\aptos_00417.png
aptos_00418,0,no_diabetic_retinopathy,train_images\aptos_00418.png
aptos_00419,0,no_diabetic_retinopathy,train_images\aptos_00419.png
aptos_00420,0,no_diabetic_retinopathy,train_images\aptos_00420.png
aptos_00421,1,mild_retinopathy,train_images\aptos_00421.png
aptos_00422,2,moderate_retinopathy,train_images\aptos_00422.png
aptos_00423,0,no_diabetic_retinopathy,train_images\aptos_00423.png
aptos_00424,0,no_diabetic_retinopathy,train_images\aptos_00424.png
aptos_00425,2,moderate_retinopathy,train_images\aptos_00425.png
aptos_00426,2,moderate_retinopathy,train_images\aptos_00426.png
aptos_00427,2,moderate_retinopathy,train_images\aptos_00427.png
aptos_00428,2,moderate_retinopathy,train_images\aptos_00428.png
aptos_00429,0,no_diabetic_retinopathy,train_images\aptos_00429.png
aptos_00430,0,no_diabetic_retinopathy,train_images\aptos_00430.png
aptos_00431,1,mild_retinopathy,train_images\aptos_00431.png
aptos_00432,0,no_diabetic_retinopathy,train_images\aptos_00432.png
aptos_00433,4,proliferative_retinopathy,train_images\aptos_00433.png
aptos_00434,0,no_diabetic_retinopathy,train_images\aptos_00434.png
aptos_00435,2,moderate_retinopathy,train_images\aptos_00435.png
aptos_00436,0,no_diabetic_retinopathy,train_images\aptos_00436.png
aptos_00437,0,no_diabetic_retinopathy,train_images\aptos_00437.png
aptos_00438,4,proliferative_retinopathy,train_images\aptos_00438.png
aptos_00439,2,moderate_retinopathy,train_images\aptos_00439.png
aptos_00440,2,moderate_retinopathy,train_images\aptos_00440.png
aptos_00441,0,no_diabetic_retinopathy,train_images\aptos_00441.png
aptos_00442,0,no_diabetic_retinopathy,train_images\aptos_00442.png
aptos_00443,0,no_diabetic_retinopathy,train_images\aptos_00443.png
aptos_00444,2,moderate_retinopathy,train_images\aptos_00444.png
aptos_00445,0,no_diabetic_retinopathy,train_images\aptos_00445.png
aptos_00446,2,moderate_retinopathy,train_images\aptos_00446.png
aptos_00447,0,no_diabetic_retinopathy,train_images\aptos_00447.png
aptos_00448,2,moderate_retinopathy,train_images\aptos_00448.png
aptos_00449,0,no_diabetic_retinopathy,train_images\aptos_00449.png
aptos_00450,0,no_diabetic_retinopathy,train_images\aptos_00450.png
aptos_00451,0,no_diabetic_retinopathy,train_images\aptos_00451.png
aptos_00452,4,proliferative_retinopathy,train_images\aptos_00452.png
aptos_00453,0,no_diabetic_retinopathy,train_images\aptos_00453.png
aptos_00454,2,moderate_retinopathy,train_images\aptos_00454.png
aptos_00455,1,mild_retinopathy,train_images\aptos_00455.png
aptos_00456,4,proliferative_retinopathy,train_images\aptos_00456.png
aptos_00457,0,no_diabetic_retinopathy,train_images\aptos_00457.png
aptos_00458,0,no_diabetic_retinopathy,train_images\aptos_00458.png
aptos_00459,2,moderate_retinopathy,train_images\aptos_00459.png
aptos_00460,2,moderate_retinopathy,train_images\aptos_00460.png
aptos_00461,2,moderate_retinopathy,train_images\aptos_00461.png
aptos_00462,2,moderate_retinopathy,train_images\aptos_00462.png
aptos_00463,0,no_diabetic_retinopathy,train_images\aptos_00463.png
aptos_00464,2,moderate_retinopathy,train_images\aptos_00464.png
aptos_00465,4,proliferative_retinopathy,train_images\aptos_00465.png
aptos_00466,0,no_diabetic_retinopathy,train_images\aptos_00466.png
aptos_00467,0,no_diabetic_retinopathy,train_images\aptos_00467.png
aptos_00468,0,no_diabetic_retinopathy,train_images\aptos_00468.png
aptos_00469,4,proliferative_retinopathy,train_images\aptos_00469.png
aptos_00470,2,moderate_retinopathy,train_images\aptos_00470.png
aptos_00471,0,no_diabetic_retinopathy,train_images\aptos_00471.png
aptos_00472,2,moderate_retinopathy,train_images\aptos_00472.png
aptos_00473,0,no_diabetic_retinopathy,train_images\aptos_00473.png
aptos_00474,4,proliferative_retinopathy,train_images\aptos_00474.png
aptos_00475,4,proliferative_retinopathy,train_images\aptos_00475.png
aptos_00476,1,mild_retinopathy,train_images\aptos_00476.png
aptos_00477,0,no_diabetic_retinopathy,train_images\aptos_00477.png
aptos_00478,0,no_diabetic_retinopathy,train_images\aptos_00478.png
aptos_00479,2,moderate_retinopathy,train_images\aptos_00479.png
aptos_00480,4,proliferative_retinopathy,train_images\aptos_00480.png
aptos_00481,1,mild_retinopathy,train_images\aptos_00481.png
aptos_00482,2,moderate_retinopathy,train_images\aptos_00482.png
aptos_00483,0,no_diabetic_retinopathy,train_images\aptos_00483.png
aptos_00484,2,moderate_retinopathy,train_images\aptos_00484.png
aptos_00485,0,no_diabetic_retinopathy,train_images\aptos_00485.png
aptos_00486,0,no_diabetic_retinopathy,train_images\aptos_00486.png
aptos_00487,4,proliferative_retinopathy,train_images\aptos_00487.png
aptos_00488,1,mild_retinopathy,train_images\aptos_00488.png
aptos_00489,2,moderate_retinopathy,train_images\aptos_00489.png
aptos_00490,0,no_diabetic_retinopathy,train_images\aptos_00490.png
aptos_00491,2,moderate_retinopathy,train_images\aptos_00491.png
aptos_00492,2,moderate_retinopathy,train_images\aptos_00492.png
aptos_00493,2,moderate_retinopathy,train_images\aptos_00493.png
aptos_00494,0,no_diabetic_retinopathy,train_images\aptos_00494.png
aptos_00495,2,moderate_retinopathy,train_images\aptos_00495.png
aptos_00496,2,moderate_retinopathy,train_images\aptos_00496.png
aptos_00497,2,moderate_retinopathy,train_images\aptos_00497.png
aptos_00498,0,no_diabetic_retinopathy,train_images\aptos_00498.png
aptos_00499,3,severe_retinopathy,train_images\aptos_00499.png
aptos_00500,0,no_diabetic_retinopathy,train_images\aptos_00500.png
aptos_00501,2,moderate_retinopathy,train_images\aptos_00501.png
aptos_00502,2,moderate_retinopathy,train_images\aptos_00502.png
aptos_00503,2,moderate_retinopathy,train_images\aptos_00503.png
aptos_00504,0,no_diabetic_retinopathy,train_images\aptos_00504.png
aptos_00505,0,no_diabetic_retinopathy,train_images\aptos_00505.png
aptos_00506,0,no_diabetic_retinopathy,train_images\aptos_00506.png
aptos_00507,2,moderate_retinopathy,train_images\aptos_00507.png
aptos_00508,2,moderate_retinopathy,train_images\aptos_00508.png
aptos_00509,4,proliferative_retinopathy,train_images\aptos_00509.png
aptos_00510,4,proliferative_retinopathy,train_images\aptos_00510.png
aptos_00511,1,mild_retinopathy,train_images\aptos_00511.png
aptos_00512,0,no_diabetic_retinopathy,train_images\aptos_00512.png
aptos_00513,3,severe_retinopathy,train_images\aptos_00513.png
aptos_00514,1,mild_retinopathy,train_images\aptos_00514.png
aptos_00515,0,no_diabetic_retinopathy,train_images\aptos_00515.png
aptos_00516,0,no_diabetic_retinopathy,train_images\aptos_00516.png
aptos_00517,0,no_diabetic_retinopathy,train_images\aptos_00517.png
aptos_00518,2,moderate_retinopathy,train_images\aptos_00518.png
aptos_00519,0,no_diabetic_retinopathy,train_images\aptos_00519.png
aptos_00520,2,moderate_retinopathy,train_images\aptos_00520.png
aptos_00521,0,no_diabetic_retinopathy,train_images\aptos_00521.png
aptos_00522,4,proliferative_retinopathy,train_images\aptos_00522.png
aptos_00523,0,no_diabetic_retinopathy,train_images\aptos_00523.png
aptos_00524,1,mild_retinopathy,train_images\aptos_00524.png
aptos_00525,0,no_diabetic_retinopathy,train_images\aptos_00525.png
aptos_00526,3,severe_retinopathy,train_images\aptos_00526.png
aptos_00527,0,no_diabetic_retinopathy,train_images\aptos_00527.png
aptos_00528,4,proliferative_retinopathy,train_images\aptos_00528.png
aptos_00529,2,moderate_retinopathy,train_images\aptos_00529.png
aptos_00530,1,mild_retinopathy,train_images\aptos_00530.png
aptos_00531,2,moderate_retinopathy,train_images\aptos_00531.png
aptos_00532,0,no_diabetic_retinopathy,train_images\aptos_00532.png
aptos_00533,2,moderate_retinopathy,train_images\aptos_00533.png
aptos_00534,4,proliferative_retinopathy,train_images\aptos_00534.png
aptos_00535,4,proliferative_retinopathy,train_images\aptos_00535.png
aptos_00536,0,no_diabetic_retinopathy,train_images\aptos_00536.png
aptos_00537,2,moderate_retinopathy,train_images\aptos_00537.png
aptos_00538,4,proliferative_retinopathy,train_images\aptos_00538.png
aptos_00539,3,severe_retinopathy,train_images\aptos_00539.png
aptos_00540,0,no_diabetic_retinopathy,train_images\aptos_00540.png
aptos_00541,0,no_diabetic_retinopathy,train_images\aptos_00541.png
aptos_00542,2,moderate_retinopathy,train_images\aptos_00542.png
aptos_00543,3,severe_retinopathy,train_images\aptos_00543.png
aptos_00544,2,moderate_retinopathy,train_images\aptos_00544.png
aptos_00545,0,no_diabetic_retinopathy,train_images\aptos_00545.png
aptos_00546,0,no_diabetic_retinopathy,train_images\aptos_00546.png
aptos_00547,0,no_diabetic_retinopathy,train_images\aptos_00547.png
aptos_00548,2,moderate_retinopathy,train_images\aptos_00548.png
aptos_00549,0,no_diabetic_retinopathy,train_images\aptos_00549.png
aptos_00550,2,moderate_retinopathy,train_images\aptos_00550.png
aptos_00551,2,moderate_retinopathy,train_images\aptos_00551.png
aptos_00552,2,moderate_retinopathy,train_images\aptos_00552.png
aptos_00553,0,no_diabetic_retinopathy,train_images\aptos_00553.png
aptos_00554,1,mild_retinopathy,train_images\aptos_00554.png
aptos_00555,0,no_diabetic_retinopathy,train_images\aptos_00555.png
aptos_00556,2,moderate_retinopathy,train_images\aptos_00556.png
aptos_00557,1,mild_retinopathy,train_images\aptos_00557.png
aptos_00558,0,no_diabetic_retinopathy,train_images\aptos_00558.png
aptos_00559,2,moderate_retinopathy,train_images\aptos_00559.png
aptos_00560,2,moderate_retinopathy,train_images\aptos_00560.png
aptos_00561,4,proliferative_retinopathy,train_images\aptos_00561.png
aptos_00562,1,mild_retinopathy,train_images\aptos_00562.png
aptos_00563,0,no_diabetic_retinopathy,train_images\aptos_00563.png
aptos_00564,2,moderate_retinopathy,train_images\aptos_00564.png
aptos_00565,4,proliferative_retinopathy,train_images\aptos_00565.png
aptos_00566,0,no_diabetic_retinopathy,train_images\aptos_00566.png
aptos_00567,2,moderate_retinopathy,train_images\aptos_00567.png
aptos_00568,0,no_diabetic_retinopathy,train_images\aptos_00568.png
aptos_00569,0,no_diabetic_retinopathy,train_images\aptos_00569.png
aptos_00570,0,no_diabetic_retinopathy,train_images\aptos_00570.png
aptos_00571,0,no_diabetic_retinopathy,train_images\aptos_00571.png
aptos_00572,2,moderate_retinopathy,train_images\aptos_00572.png
aptos_00573,0,no_diabetic_retinopathy,train_images\aptos_00573.png
aptos_00574,2,moderate_retinopathy,train_images\aptos_00574.png
aptos_00575,0,no_diabetic_retinopathy,train_images\aptos_00575.png
aptos_00576,0,no_diabetic_retinopathy,train_images\aptos_00576.png
aptos_00577,2,moderate_retinopathy,train_images\aptos_00577.png
aptos_00578,1,mild_retinopathy,train_images\aptos_00578.png
aptos_00579,2,moderate_retinopathy,train_images\aptos_00579.png
aptos_00580,0,no_diabetic_retinopathy,train_images\aptos_00580.png
aptos_00581,2,moderate_retinopathy,train_images\aptos_00581.png
aptos_00582,0,no_diabetic_retinopathy,train_images\aptos_00582.png
aptos_00583,0,no_diabetic_retinopathy,train_images\aptos_00583.png
aptos_00584,0,no_diabetic_retinopathy,train_images\aptos_00584.png
aptos_00585,2,moderate_retinopathy,train_images\aptos_00585.png
aptos_00586,2,moderate_retinopathy,train_images\aptos_00586.png
aptos_00587,2,moderate_retinopathy,train_images\aptos_00587.png
aptos_00588,0,no_diabetic_retinopathy,train_images\aptos_00588.png
aptos_00589,3,severe_retinopathy,train_images\aptos_00589.png
aptos_00590,1,mild_retinopathy,train_images\aptos_00590.png
aptos_00591,0,no_diabetic_retinopathy,train_images\aptos_00591.png
aptos_00592,1,mild_retinopathy,train_images\aptos_00592.png
aptos_00593,4,proliferative_retinopathy,train_images\aptos_00593.png
aptos_00594,0,no_diabetic_retinopathy,train_images\aptos_00594.png
aptos_00595,2,moderate_retinopathy,train_images\aptos_00595.png
aptos_00596,0,no_diabetic_retinopathy,train_images\aptos_00596.png
aptos_00597,1,mild_retinopathy,train_images\aptos_00597.png
aptos_00598,2,moderate_retinopathy,train_images\aptos_00598.png
aptos_00599,0,no_diabetic_retinopathy,train_images\aptos_00599.png
aptos_00600,0,no_diabetic_retinopathy,train_images\aptos_00600.png
aptos_00601,2,moderate_retinopathy,train_images\aptos_00601.png
aptos_00602,2,moderate_retinopathy,train_images\aptos_00602.png
aptos_00603,0,no_diabetic_retinopathy,train_images\aptos_00603.png
aptos_00604,2,moderate_retinopathy,train_images\aptos_00604.png
aptos_00605,2,moderate_retinopathy,train_images\aptos_00605.png
aptos_00606,0,no_diabetic_retinopathy,train_images\aptos_00606.png
aptos_00607,1,mild_retinopathy,train_images\aptos_00607.png
aptos_00608,0,no_diabetic_retinopathy,train_images\aptos_00608.png
aptos_00609,2,moderate_retinopathy,train_images\aptos_00609.png
aptos_00610,2,moderate_retinopathy,train_images\aptos_00610.png
aptos_00611,2,moderate_retinopathy,train_images\aptos_00611.png
aptos_00612,0,no_diabetic_retinopathy,train_images\aptos_00612.png
aptos_00613,2,moderate_retinopathy,train_images\aptos_00613.png
aptos_00614,0,no_diabetic_retinopathy,train_images\aptos_00614.png
aptos_00615,0,no_diabetic_retinopathy,train_images\aptos_00615.png
aptos_00616,3,severe_retinopathy,train_images\aptos_00616.png
aptos_00617,0,no_diabetic_retinopathy,train_images\aptos_00617.png
aptos_00618,0,no_diabetic_retinopathy,train_images\aptos_00618.png
aptos_00619,2,moderate_retinopathy,train_images\aptos_00619.png
aptos_00620,2,moderate_retinopathy,train_images\aptos_00620.png
aptos_00621,3,severe_retinopathy,train_images\aptos_00621.png
aptos_00622,0,no_diabetic_retinopathy,train_images\aptos_00622.png
aptos_00623,4,proliferative_retinopathy,train_images\aptos_00623.png
aptos_00624,3,severe_retinopathy,train_images\aptos_00624.png
aptos_00625,2,moderate_retinopathy,train_images\aptos_00625.png
aptos_00626,2,moderate_retinopathy,train_images\aptos_00626.png
aptos_00627,2,moderate_retinopathy,train_images\aptos_00627.png
aptos_00628,0,no_diabetic_retinopathy,train_images\aptos_00628.png
aptos_00629,0,no_diabetic_retinopathy,train_images\aptos_00629.png
aptos_00630,0,no_diabetic_retinopathy,train_images\aptos_00630.png
aptos_00631,0,no_diabetic_retinopathy,train_images\aptos_00631.png
aptos_00632,0,no_diabetic_retinopathy,train_images\aptos_00632.png
aptos_00633,2,moderate_retinopathy,train_images\aptos_00633.png
aptos_00634,2,moderate_retinopathy,train_images\aptos_00634.png
aptos_00635,0,no_diabetic_retinopathy,train_images\aptos_00635.png
aptos_00636,2,moderate_retinopathy,train_images\aptos_00636.png
aptos_00637,0,no_diabetic_retinopathy,train_images\aptos_00637.png
aptos_00638,0,no_diabetic_retinopathy,train_images\aptos_00638.png
aptos_00639,0,no_diabetic_retinopathy,train_images\aptos_00639.png
aptos_00640,0,no_diabetic_retinopathy,train_images\aptos_00640.png
aptos_00641,0,no_diabetic_retinopathy,train_images\aptos_00641.png
aptos_00642,2,moderate_retinopathy,train_images\aptos_00642.png
aptos_00643,0,no_diabetic_retinopathy,train_images\aptos_00643.png
aptos_00644,1,mild_retinopathy,train_images\aptos_00644.png
aptos_00645,2,moderate_retinopathy,train_images\aptos_00645.png
aptos_00646,1,mild_retinopathy,train_images\aptos_00646.png
aptos_00647,0,no_diabetic_retinopathy,train_images\aptos_00647.png
aptos_00648,0,no_diabetic_retinopathy,train_images\aptos_00648.png
aptos_00649,0,no_diabetic_retinopathy,train_images\aptos_00649.png
aptos_00650,0,no_diabetic_retinopathy,train_images\aptos_00650.png
aptos_00651,4,proliferative_retinopathy,train_images\aptos_00651.png
aptos_00652,2,moderate_retinopathy,train_images\aptos_00652.png
aptos_00653,2,moderate_retinopathy,train_images\aptos_00653.png
aptos_00654,0,no_diabetic_retinopathy,train_images\aptos_00654.png
aptos_00655,1,mild_retinopathy,train_images\aptos_00655.png
aptos_00656,0,no_diabetic_retinopathy,train_images\aptos_00656.png
aptos_00657,0,no_diabetic_retinopathy,train_images\aptos_00657.png
aptos_00658,0,no_diabetic_retinopathy,train_images\aptos_00658.png
aptos_00659,0,no_diabetic_retinopathy,train_images\aptos_00659.png
aptos_00660,4,proliferative_retinopathy,train_images\aptos_00660.png
aptos_00661,1,mild_retinopathy,train_images\aptos_00661.png
aptos_00662,3,severe_retinopathy,train_images\aptos_00662.png
aptos_00663,1,mild_retinopathy,train_images\aptos_00663.png
aptos_00664,2,moderate_retinopathy,train_images\aptos_00664.png
aptos_00665,4,proliferative_retinopathy,train_images\aptos_00665.png
aptos_00666,0,no_diabetic_retinopathy,train_images\aptos_00666.png
aptos_00667,0,no_diabetic_retinopathy,train_images\aptos_00667.png
aptos_00668,0,no_diabetic_retinopathy,train_images\aptos_00668.png
aptos_00669,2,moderate_retinopathy,train_images\aptos_00669.png
aptos_00670,2,moderate_retinopathy,train_images\aptos_00670.png
aptos_00671,4,proliferative_retinopathy,train_images\aptos_00671.png
aptos_00672,0,no_diabetic_retinopathy,train_images\aptos_00672.png
aptos_00673,2,moderate_retinopathy,train_images\aptos_00673.png
aptos_00674,4,proliferative_retinopathy,train_images\aptos_00674.png
aptos_00675,0,no_diabetic_retinopathy,train_images\aptos_00675.png
aptos_00676,2,moderate_retinopathy,train_images\aptos_00676.png
aptos_00677,0,no_diabetic_retinopathy,train_images\aptos_00677.png
aptos_00678,2,moderate_retinopathy,train_images\aptos_00678.png
aptos_00679,1,mild_retinopathy,train_images\aptos_00679.png
aptos_00680,0,no_diabetic_retinopathy,train_images\aptos_00680.png
aptos_00681,0,no_diabetic_retinopathy,train_images\aptos_00681.png
aptos_00682,2,moderate_retinopathy,train_images\aptos_00682.png
aptos_00683,1,mild_retinopathy,train_images\aptos_00683.png
aptos_00684,1,mild_retinopathy,train_images\aptos_00684.png
aptos_00685,0,no_diabetic_retinopathy,train_images\aptos_00685.png
aptos_00686,2,moderate_retinopathy,train_images\aptos_00686.png
aptos_00687,4,proliferative_retinopathy,train_images\aptos_00687.png
aptos_00688,2,moderate_retinopathy,train_images\aptos_00688.png
aptos_00689,0,no_diabetic_retinopathy,train_images\aptos_00689.png
aptos_00690,0,no_diabetic_retinopathy,train_images\aptos_00690.png
aptos_00691,2,moderate_retinopathy,train_images\aptos_00691.png
aptos_00692,2,moderate_retinopathy,train_images\aptos_00692.png
aptos_00693,0,no_diabetic_retinopathy,train_images\aptos_00693.png
aptos_00694,3,severe_retinopathy,train_images\aptos_00694.png
aptos_00695,0,no_diabetic_retinopathy,train_images\aptos_00695.png
aptos_00696,0,no_diabetic_retinopathy,train_images\aptos_00696.png
aptos_00697,2,moderate_retinopathy,train_images\aptos_00697.png
aptos_00698,1,mild_retinopathy,train_images\aptos_00698.png
aptos_00699,4,proliferative_retinopathy,train_images\aptos_00699.png
aptos_00700,3,severe_retinopathy,train_images\aptos_00700.png
aptos_00701,0,no_diabetic_retinopathy,train_images\aptos_00701.png
aptos_00702,2,moderate_retinopathy,train_images\aptos_00702.png
aptos_00703,0,no_diabetic_retinopathy,train_images\aptos_00703.png
aptos_00704,0,no_diabetic_retinopathy,train_images\aptos_00704.png
aptos_00705,0,no_diabetic_retinopathy,train_images\aptos_00705.png
aptos_00706,2,moderate_retinopathy,train_images\aptos_00706.png
aptos_00707,0,no_diabetic_retinopathy,train_images\aptos_00707.png
aptos_00708,0,no_diabetic_retinopathy,train_images\aptos_00708.png
aptos_00709,1,mild_retinopathy,train_images\aptos_00709.png
aptos_00710,0,no_diabetic_retinopathy,train_images\aptos_00710.png
aptos_00711,2,moderate_retinopathy,train_images\aptos_00711.png
aptos_00712,0,no_diabetic_retinopathy,train_images\aptos_00712.png
aptos_00713,0,no_diabetic_retinopathy,train_images\aptos_00713.png
aptos_00714,0,no_diabetic_retinopathy,train_images\aptos_00714.png
aptos_00715,3,severe_retinopathy,train_images\aptos_00715.png
aptos_00716,0,no_diabetic_retinopathy,train_images\aptos_00716.png
aptos_00717,1,mild_retinopathy,train_images\aptos_00717.png
aptos_00718,0,no_diabetic_retinopathy,train_images\aptos_00718.png
aptos_00719,0,no_diabetic_retinopathy,train_images\aptos_00719.png
aptos_00720,0,no_diabetic_retinopathy,train_images\aptos_00720.png
aptos_00721,0,no_diabetic_retinopathy,train_images\aptos_00721.png
aptos_00722,2,moderate_retinopathy,train_images\aptos_00722.png
aptos_00723,1,mild_retinopathy,train_images\aptos_00723.png
aptos_00724,2,moderate_retinopathy,train_images\aptos_00724.png
aptos_00725,2,moderate_retinopathy,train_images\aptos_00725.png
aptos_00726,0,no_diabetic_retinopathy,train_images\aptos_00726.png
aptos_00727,3,severe_retinopathy,train_images\aptos_00727.png
aptos_00728,0,no_diabetic_retinopathy,train_images\aptos_00728.png
aptos_00729,1,mild_retinopathy,train_images\aptos_00729.png
aptos_00730,2,moderate_retinopathy,train_images\aptos_00730.png
aptos_00731,0,no_diabetic_retinopathy,train_images\aptos_00731.png
aptos_00732,0,no_diabetic_retinopathy,train_images\aptos_00732.png
aptos_00733,2,moderate_retinopathy,train_images\aptos_00733.png
aptos_00734,0,no_diabetic_retinopathy,train_images\aptos_00734.png
aptos_00735,0,no_diabetic_retinopathy,train_images\aptos_00735.png
aptos_00736,0,no_diabetic_retinopathy,train_images\aptos_00736.png
aptos_00737,3,severe_retinopathy,train_images\aptos_00737.png
aptos_00738,0,no_diabetic_retinopathy,train_images\aptos_00738.png
aptos_00739,2,moderate_retinopathy,train_images\aptos_00739.png
aptos_00740,0,no_diabetic_retinopathy,train_images\aptos_00740.png
aptos_00741,0,no_diabetic_retinopathy,train_images\aptos_00741.png
aptos_00742,0,no_diabetic_retinopathy,train_images\aptos_00742.png
aptos_00743,0,no_diabetic_retinopathy,train_images\aptos_00743.png
aptos_00744,1,mild_retinopathy,train_images\aptos_00744.png
aptos_00745,0,no_diabetic_retinopathy,train_images\aptos_00745.png
aptos_00746,0,no_diabetic_retinopathy,train_images\aptos_00746.png
aptos_00747,1,mild_retinopathy,train_images\aptos_00747.png
aptos_00748,0,no_diabetic_retinopathy,train_images\aptos_00748.png
aptos_00749,0,no_diabetic_retinopathy,train_images\aptos_00749.png
aptos_00750,0,no_diabetic_retinopathy,train_images\aptos_00750.png
aptos_00751,1,mild_retinopathy,train_images\aptos_00751.png
aptos_00752,0,no_diabetic_retinopathy,train_images\aptos_00752.png
aptos_00753,0,no_diabetic_retinopathy,train_images\aptos_00753.png
aptos_00754,1,mild_retinopathy,train_images\aptos_00754.png
aptos_00755,0,no_diabetic_retinopathy,train_images\aptos_00755.png
aptos_00756,2,moderate_retinopathy,train_images\aptos_00756.png
aptos_00757,1,mild_retinopathy,train_images\aptos_00757.png
aptos_00758,1,mild_retinopathy,train_images\aptos_00758.png
aptos_00759,2,moderate_retinopathy,train_images\aptos_00759.png
aptos_00760,3,severe_retinopathy,train_images\aptos_00760.png
aptos_00761,0,no_diabetic_retinopathy,train_images\aptos_00761.png
aptos_00762,0,no_diabetic_retinopathy,train_images\aptos_00762.png
aptos_00763,2,moderate_retinopathy,train_images\aptos_00763.png
aptos_00764,3,severe_retinopathy,train_images\aptos_00764.png
aptos_00765,0,no_diabetic_retinopathy,train_images\aptos_00765.png
aptos_00766,2,moderate_retinopathy,train_images\aptos_00766.png
aptos_00767,0,no_diabetic_retinopathy,train_images\aptos_00767.png
aptos_00768,0,no_diabetic_retinopathy,train_images\aptos_00768.png
aptos_00769,0,no_diabetic_retinopathy,train_images\aptos_00769.png
aptos_00770,0,no_diabetic_retinopathy,train_images\aptos_00770.png
aptos_00771,4,proliferative_retinopathy,train_images\aptos_00771.png
aptos_00772,2,moderate_retinopathy,train_images\aptos_00772.png
aptos_00773,4,proliferative_retinopathy,train_images\aptos_00773.png
aptos_00774,4,proliferative_retinopathy,train_images\aptos_00774.png
aptos_00775,4,proliferative_retinopathy,train_images\aptos_00775.png
aptos_00776,0,no_diabetic_retinopathy,train_images\aptos_00776.png
aptos_00777,2,moderate_retinopathy,train_images\aptos_00777.png
aptos_00778,3,severe_retinopathy,train_images\aptos_00778.png
aptos_00779,4,proliferative_retinopathy,train_images\aptos_00779.png
aptos_00780,0,no_diabetic_retinopathy,train_images\aptos_00780.png
aptos_00781,1,mild_retinopathy,train_images\aptos_00781.png
aptos_00782,0,no_diabetic_retinopathy,train_images\aptos_00782.png
aptos_00783,3,severe_retinopathy,train_images\aptos_00783.png
aptos_00784,1,mild_retinopathy,train_images\aptos_00784.png
aptos_00785,2,moderate_retinopathy,train_images\aptos_00785.png
aptos_00786,0,no_diabetic_retinopathy,train_images\aptos_00786.png
aptos_00787,0,no_diabetic_retinopathy,train_images\aptos_00787.png
aptos_00788,0,no_diabetic_retinopathy,train_images\aptos_00788.png
aptos_00789,0,no_diabetic_retinopathy,train_images\aptos_00789.png
aptos_00790,2,moderate_retinopathy,train_images\aptos_00790.png
aptos_00791,0,no_diabetic_retinopathy,train_images\aptos_00791.png
aptos_00792,1,mild_retinopathy,train_images\aptos_00792.png
aptos_00793,0,no_diabetic_retinopathy,train_images\aptos_00793.png
aptos_00794,1,mild_retinopathy,train_images\aptos_00794.png
aptos_00795,2,moderate_retinopathy,train_images\aptos_00795.png
aptos_00796,0,no_diabetic_retinopathy,train_images\aptos_00796.png
aptos_00797,2,moderate_retinopathy,train_images\aptos_00797.png
aptos_00798,0,no_diabetic_retinopathy,train_images\aptos_00798.png
aptos_00799,2,moderate_retinopathy,train_images\aptos_00799.png
aptos_00800,0,no_diabetic_retinopathy,train_images\aptos_00800.png
aptos_00801,2,moderate_retinopathy,train_images\aptos_00801.png
aptos_00802,3,severe_retinopathy,train_images\aptos_00802.png
aptos_00803,2,moderate_retinopathy,train_images\aptos_00803.png
aptos_00804,0,no_diabetic_retinopathy,train_images\aptos_00804.png
aptos_00805,0,no_diabetic_retinopathy,train_images\aptos_00805.png
aptos_00806,2,moderate_retinopathy,train_images\aptos_00806.png
aptos_00807,2,moderate_retinopathy,train_images\aptos_00807.png
aptos_00808,4,proliferative_retinopathy,train_images\aptos_00808.png
aptos_00809,0,no_diabetic_retinopathy,train_images\aptos_00809.png
aptos_00810,2,moderate_retinopathy,train_images\aptos_00810.png
aptos_00811,0,no_diabetic_retinopathy,train_images\aptos_00811.png
aptos_00812,4,proliferative_retinopathy,train_images\aptos_00812.png
aptos_00813,2,moderate_retinopathy,train_images\aptos_00813.png
aptos_00814,0,no_diabetic_retinopathy,train_images\aptos_00814.png
aptos_00815,4,proliferative_retinopathy,train_images\aptos_00815.png
aptos_00816,0,no_diabetic_retinopathy,train_images\aptos_00816.png
aptos_00817,0,no_diabetic_retinopathy,train_images\aptos_00817.png
aptos_00818,3,severe_retinopathy,train_images\aptos_00818.png
aptos_00819,0,no_diabetic_retinopathy,train_images\aptos_00819.png
aptos_00820,0,no_diabetic_retinopathy,train_images\aptos_00820.png
aptos_00821,4,proliferative_retinopathy,train_images\aptos_00821.png
aptos_00822,4,proliferative_retinopathy,train_images\aptos_00822.png
aptos_00823,0,no_diabetic_retinopathy,train_images\aptos_00823.png
aptos_00824,4,proliferative_retinopathy,train_images\aptos_00824.png
aptos_00825,2,moderate_retinopathy,train_images\aptos_00825.png
aptos_00826,0,no_diabetic_retinopathy,train_images\aptos_00826.png
aptos_00827,1,mild_retinopathy,train_images\aptos_00827.png
aptos_00828,0,no_diabetic_retinopathy,train_images\aptos_00828.png
aptos_00829,2,moderate_retinopathy,train_images\aptos_00829.png
aptos_00830,0,no_diabetic_retinopathy,train_images\aptos_00830.png
aptos_00831,0,no_diabetic_retinopathy,train_images\aptos_00831.png
aptos_00832,2,moderate_retinopathy,train_images\aptos_00832.png
aptos_00833,0,no_diabetic_retinopathy,train_images\aptos_00833.png
aptos_00834,2,moderate_retinopathy,train_images\aptos_00834.png
aptos_00835,0,no_diabetic_retinopathy,train_images\aptos_00835.png
aptos_00836,0,no_diabetic_retinopathy,train_images\aptos_00836.png
aptos_00837,2,moderate_retinopathy,train_images\aptos_00837.png
aptos_00838,1,mild_retinopathy,train_images\aptos_00838.png
aptos_00839,1,mild_retinopathy,train_images\aptos_00839.png
aptos_00840,4,proliferative_retinopathy,train_images\aptos_00840.png
aptos_00841,0,no_diabetic_retinopathy,train_images\aptos_00841.png
aptos_00842,0,no_diabetic_retinopathy,train_images\aptos_00842.png
aptos_00843,4,proliferative_retinopathy,train_images\aptos_00843.png
aptos_00844,0,no_diabetic_retinopathy,train_images\aptos_00844.png
aptos_00845,0,no_diabetic_retinopathy,train_images\aptos_00845.png
aptos_00846,4,proliferative_retinopathy,train_images\aptos_00846.png
aptos_00847,2,moderate_retinopathy,train_images\aptos_00847.png
aptos_00848,0,no_diabetic_retinopathy,train_images\aptos_00848.png
aptos_00849,2,moderate_retinopathy,train_images\aptos_00849.png
aptos_00850,0,no_diabetic_retinopathy,train_images\aptos_00850.png
aptos_00851,0,no_diabetic_retinopathy,train_images\aptos_00851.png
aptos_00852,0,no_diabetic_retinopathy,train_images\aptos_00852.png
aptos_00853,2,moderate_retinopathy,train_images\aptos_00853.png
aptos_00854,2,moderate_retinopathy,train_images\aptos_00854.png
aptos_00855,1,mild_retinopathy,train_images\aptos_00855.png
aptos_00856,2,moderate_retinopathy,train_images\aptos_00856.png
aptos_00857,2,moderate_retinopathy,train_images\aptos_00857.png
aptos_00858,1,mild_retinopathy,train_images\aptos_00858.png
aptos_00859,0,no_diabetic_retinopathy,train_images\aptos_00859.png
aptos_00860,2,moderate_retinopathy,train_images\aptos_00860.png
aptos_00861,2,moderate_retinopathy,train_images\aptos_00861.png
aptos_00862,3,severe_retinopathy,train_images\aptos_00862.png
aptos_00863,0,no_diabetic_retinopathy,train_images\aptos_00863.png
aptos_00864,2,moderate_retinopathy,train_images\aptos_00864.png
aptos_00865,2,moderate_retinopathy,train_images\aptos_00865.png
aptos_00866,1,mild_retinopathy,train_images\aptos_00866.png
aptos_00867,4,proliferative_retinopathy,train_images\aptos_00867.png
aptos_00868,0,no_diabetic_retinopathy,train_images\aptos_00868.png
aptos_00869,2,moderate_retinopathy,train_images\aptos_00869.png
aptos_00870,0,no_diabetic_retinopathy,train_images\aptos_00870.png
aptos_00871,2,moderate_retinopathy,train_images\aptos_00871.png
aptos_00872,3,severe_retinopathy,train_images\aptos_00872.png
aptos_00873,2,moderate_retinopathy,train_images\aptos_00873.png
aptos_00874,0,no_diabetic_retinopathy,train_images\aptos_00874.png
aptos_00875,0,no_diabetic_retinopathy,train_images\aptos_00875.png
aptos_00876,1,mild_retinopathy,train_images\aptos_00876.png
aptos_00877,4,proliferative_retinopathy,train_images\aptos_00877.png
aptos_00878,0,no_diabetic_retinopathy,train_images\aptos_00878.png
aptos_00879,2,moderate_retinopathy,train_images\aptos_00879.png
aptos_00880,0,no_diabetic_retinopathy,train_images\aptos_00880.png
aptos_00881,3,severe_retinopathy,train_images\aptos_00881.png
aptos_00882,2,moderate_retinopathy,train_images\aptos_00882.png
aptos_00883,0,no_diabetic_retinopathy,train_images\aptos_00883.png
aptos_00884,2,moderate_retinopathy,train_images\aptos_00884.png
aptos_00885,0,no_diabetic_retinopathy,train_images\aptos_00885.png
aptos_00886,2,moderate_retinopathy,train_images\aptos_00886.png
aptos_00887,2,moderate_retinopathy,train_images\aptos_00887.png
aptos_00888,0,no_diabetic_retinopathy,train_images\aptos_00888.png
aptos_00889,1,mild_retinopathy,train_images\aptos_00889.png
aptos_00890,0,no_diabetic_retinopathy,train_images\aptos_00890.png
aptos_00891,0,no_diabetic_retinopathy,train_images\aptos_00891.png
aptos_00892,0,no_diabetic_retinopathy,train_images\aptos_00892.png
aptos_00893,2,moderate_retinopathy,train_images\aptos_00893.png
aptos_00894,3,severe_retinopathy,train_images\aptos_00894.png
aptos_00895,4,proliferative_retinopathy,train_images\aptos_00895.png
aptos_00896,0,no_diabetic_retinopathy,train_images\aptos_00896.png
aptos_00897,0,no_diabetic_retinopathy,train_images\aptos_00897.png
aptos_00898,1,mild_retinopathy,train_images\aptos_00898.png
aptos_00899,0,no_diabetic_retinopathy,train_images\aptos_00899.png
aptos_00900,0,no_diabetic_retinopathy,train_images\aptos_00900.png
aptos_00901,0,no_diabetic_retinopathy,train_images\aptos_00901.png
aptos_00902,0,no_diabetic_retinopathy,train_images\aptos_00902.png
aptos_00903,0,no_diabetic_retinopathy,train_images\aptos_00903.png
aptos_00904,0,no_diabetic_retinopathy,train_images\aptos_00904.png
aptos_00905,2,moderate_retinopathy,train_images\aptos_00905.png
aptos_00906,2,moderate_retinopathy,train_images\aptos_00906.png
aptos_00907,2,moderate_retinopathy,train_images\aptos_00907.png
aptos_00908,0,no_diabetic_retinopathy,train_images\aptos_00908.png
aptos_00909,0,no_diabetic_retinopathy,train_images\aptos_00909.png
aptos_00910,0,no_diabetic_retinopathy,train_images\aptos_00910.png
aptos_00911,0,no_diabetic_retinopathy,train_images\aptos_00911.png
aptos_00912,2,moderate_retinopathy,train_images\aptos_00912.png
aptos_00913,2,moderate_retinopathy,train_images\aptos_00913.png
aptos_00914,2,moderate_retinopathy,train_images\aptos_00914.png
aptos_00915,0,no_diabetic_retinopathy,train_images\aptos_00915.png
aptos_00916,2,moderate_retinopathy,train_images\aptos_00916.png
aptos_00917,3,severe_retinopathy,train_images\aptos_00917.png
aptos_00918,0,no_diabetic_retinopathy,train_images\aptos_00918.png
aptos_00919,2,moderate_retinopathy,train_images\aptos_00919.png
aptos_00920,2,moderate_retinopathy,train_images\aptos_00920.png
aptos_00921,0,no_diabetic_retinopathy,train_images\aptos_00921.png
aptos_00922,2,moderate_retinopathy,train_images\aptos_00922.png
aptos_00923,2,moderate_retinopathy,train_images\aptos_00923.png
aptos_00924,0,no_diabetic_retinopathy,train_images\aptos_00924.png
aptos_00925,0,no_diabetic_retinopathy,train_images\aptos_00925.png
aptos_00926,3,severe_retinopathy,train_images\aptos_00926.png
aptos_00927,0,no_diabetic_retinopathy,train_images\aptos_00927.png
aptos_00928,0,no_diabetic_retinopathy,train_images\aptos_00928.png
aptos_00929,0,no_diabetic_retinopathy,train_images\aptos_00929.png
aptos_00930,2,moderate_retinopathy,train_images\aptos_00930.png
aptos_00931,3,severe_retinopathy,train_images\aptos_00931.png
aptos_00932,2,moderate_retinopathy,train_images\aptos_00932.png
aptos_00933,0,no_diabetic_retinopathy,train_images\aptos_00933.png
aptos_00934,0,no_diabetic_retinopathy,train_images\aptos_00934.png
aptos_00935,2,moderate_retinopathy,train_images\aptos_00935.png
aptos_00936,2,moderate_retinopathy,train_images\aptos_00936.png
aptos_00937,0,no_diabetic_retinopathy,train_images\aptos_00937.png
aptos_00938,2,moderate_retinopathy,train_images\aptos_00938.png
aptos_00939,1,mild_retinopathy,train_images\aptos_00939.png
aptos_00940,0,no_diabetic_retinopathy,train_images\aptos_00940.png
aptos_00941,2,moderate_retinopathy,train_images\aptos_00941.png
aptos_00942,0,no_diabetic_retinopathy,train_images\aptos_00942.png
aptos_00943,0,no_diabetic_retinopathy,train_images\aptos_00943.png
aptos_00944,2,moderate_retinopathy,train_images\aptos_00944.png
aptos_00945,0,no_diabetic_retinopathy,train_images\aptos_00945.png
aptos_00946,0,no_diabetic_retinopathy,train_images\aptos_00946.png
aptos_00947,2,moderate_retinopathy,train_images\aptos_00947.png
aptos_00948,0,no_diabetic_retinopathy,train_images\aptos_00948.png
aptos_00949,2,moderate_retinopathy,train_images\aptos_00949.png
aptos_00950,0,no_diabetic_retinopathy,train_images\aptos_00950.png
aptos_00951,0,no_diabetic_retinopathy,train_images\aptos_00951.png
aptos_00952,4,proliferative_retinopathy,train_images\aptos_00952.png
aptos_00953,0,no_diabetic_retinopathy,train_images\aptos_00953.png
aptos_00954,2,moderate_retinopathy,train_images\aptos_00954.png
aptos_00955,2,moderate_retinopathy,train_images\aptos_00955.png
aptos_00956,0,no_diabetic_retinopathy,train_images\aptos_00956.png
aptos_00957,2,moderate_retinopathy,train_images\aptos_00957.png
aptos_00958,0,no_diabetic_retinopathy,train_images\aptos_00958.png
aptos_00959,0,no_diabetic_retinopathy,train_images\aptos_00959.png
aptos_00960,0,no_diabetic_retinopathy,train_images\aptos_00960.png
aptos_00961,2,moderate_retinopathy,train_images\aptos_00961.png
aptos_00962,2,moderate_retinopathy,train_images\aptos_00962.png
aptos_00963,2,moderate_retinopathy,train_images\aptos_00963.png
aptos_00964,4,proliferative_retinopathy,train_images\aptos_00964.png
aptos_00965,2,moderate_retinopathy,train_images\aptos_00965.png
aptos_00966,0,no_diabetic_retinopathy,train_images\aptos_00966.png
aptos_00967,0,no_diabetic_retinopathy,train_images\aptos_00967.png
aptos_00968,0,no_diabetic_retinopathy,train_images\aptos_00968.png
aptos_00969,2,moderate_retinopathy,train_images\aptos_00969.png
aptos_00970,2,moderate_retinopathy,train_images\aptos_00970.png
aptos_00971,0,no_diabetic_retinopathy,train_images\aptos_00971.png
aptos_00972,0,no_diabetic_retinopathy,train_images\aptos_00972.png
aptos_00973,0,no_diabetic_retinopathy,train_images\aptos_00973.png
aptos_00974,0,no_diabetic_retinopathy,train_images\aptos_00974.png
aptos_00975,3,severe_retinopathy,train_images\aptos_00975.png
aptos_00976,2,moderate_retinopathy,train_images\aptos_00976.png
aptos_00977,2,moderate_retinopathy,train_images\aptos_00977.png
aptos_00978,1,mild_retinopathy,train_images\aptos_00978.png
aptos_00979,2,moderate_retinopathy,train_images\aptos_00979.png
aptos_00980,0,no_diabetic_retinopathy,train_images\aptos_00980.png
aptos_00981,0,no_diabetic_retinopathy,train_images\aptos_00981.png
aptos_00982,2,moderate_retinopathy,train_images\aptos_00982.png
aptos_00983,1,mild_retinopathy,train_images\aptos_00983.png
aptos_00984,2,moderate_retinopathy,train_images\aptos_00984.png
aptos_00985,4,proliferative_retinopathy,train_images\aptos_00985.png
aptos_00986,2,moderate_retinopathy,train_images\aptos_00986.png
aptos_00987,0,no_diabetic_retinopathy,train_images\aptos_00987.png
aptos_00988,2,moderate_retinopathy,train_images\aptos_00988.png
aptos_00989,4,proliferative_retinopathy,train_images\aptos_00989.png
aptos_00990,4,proliferative_retinopathy,train_images\aptos_00990.png
aptos_00991,2,moderate_retinopathy,train_images\aptos_00991.png
aptos_00992,0,no_diabetic_retinopathy,train_images\aptos_00992.png
aptos_00993,0,no_diabetic_retinopathy,train_images\aptos_00993.png
aptos_00994,0,no_diabetic_retinopathy,train_images\aptos_00994.png
aptos_00995,0,no_diabetic_retinopathy,train_images\aptos_00995.png
aptos_00996,2,moderate_retinopathy,train_images\aptos_00996.png
aptos_00997,0,no_diabetic_retinopathy,train_images\aptos_00997.png
aptos_00998,2,moderate_retinopathy,train_images\aptos_00998.png
aptos_00999,1,mild_retinopathy,train_images\aptos_00999.png
aptos_01000,2,moderate_retinopathy,train_images\aptos_01000.png
aptos_01001,2,moderate_retinopathy,train_images\aptos_01001.png
aptos_01002,0,no_diabetic_retinopathy,train_images\aptos_01002.png
aptos_01003,0,no_diabetic_retinopathy,train_images\aptos_01003.png
aptos_01004,0,no_diabetic_retinopathy,train_images\aptos_01004.png
aptos_01005,2,moderate_retinopathy,train_images\aptos_01005.png
aptos_01006,0,no_diabetic_retinopathy,train_images\aptos_01006.png
aptos_01007,0,no_diabetic_retinopathy,train_images\aptos_01007.png
aptos_01008,0,no_diabetic_retinopathy,train_images\aptos_01008.png
aptos_01009,2,moderate_retinopathy,train_images\aptos_01009.png
aptos_01010,2,moderate_retinopathy,train_images\aptos_01010.png
aptos_01011,2,moderate_retinopathy,train_images\aptos_01011.png
aptos_01012,2,moderate_retinopathy,train_images\aptos_01012.png
aptos_01013,0,no_diabetic_retinopathy,train_images\aptos_01013.png
aptos_01014,0,no_diabetic_retinopathy,train_images\aptos_01014.png
aptos_01015,1,mild_retinopathy,train_images\aptos_01015.png
aptos_01016,0,no_diabetic_retinopathy,train_images\aptos_01016.png
aptos_01017,2,moderate_retinopathy,train_images\aptos_01017.png
aptos_01018,1,mild_retinopathy,train_images\aptos_01018.png
aptos_01019,0,no_diabetic_retinopathy,train_images\aptos_01019.png
aptos_01020,1,mild_retinopathy,train_images\aptos_01020.png
aptos_01021,0,no_diabetic_retinopathy,train_images\aptos_01021.png
aptos_01022,0,no_diabetic_retinopathy,train_images\aptos_01022.png
aptos_01023,0,no_diabetic_retinopathy,train_images\aptos_01023.png
aptos_01024,3,severe_retinopathy,train_images\aptos_01024.png
aptos_01025,4,proliferative_retinopathy,train_images\aptos_01025.png
aptos_01026,2,moderate_retinopathy,train_images\aptos_01026.png
aptos_01027,1,mild_retinopathy,train_images\aptos_01027.png
aptos_01028,2,moderate_retinopathy,train_images\aptos_01028.png
aptos_01029,0,no_diabetic_retinopathy,train_images\aptos_01029.png
aptos_01030,0,no_diabetic_retinopathy,train_images\aptos_01030.png
aptos_01031,0,no_diabetic_retinopathy,train_images\aptos_01031.png
aptos_01032,2,moderate_retinopathy,train_images\aptos_01032.png
aptos_01033,2,moderate_retinopathy,train_images\aptos_01033.png
aptos_01034,0,no_diabetic_retinopathy,train_images\aptos_01034.png
aptos_01035,1,mild_retinopathy,train_images\aptos_01035.png
aptos_01036,4,proliferative_retinopathy,train_images\aptos_01036.png
aptos_01037,2,moderate_retinopathy,train_images\aptos_01037.png
aptos_01038,0,no_diabetic_retinopathy,train_images\aptos_01038.png
aptos_01039,2,moderate_retinopathy,train_images\aptos_01039.png
aptos_01040,0,no_diabetic_retinopathy,train_images\aptos_01040.png
aptos_01041,0,no_diabetic_retinopathy,train_images\aptos_01041.png
aptos_01042,4,proliferative_retinopathy,train_images\aptos_01042.png
aptos_01043,4,proliferative_retinopathy,train_images\aptos_01043.png
aptos_01044,0,no_diabetic_retinopathy,train_images\aptos_01044.png
aptos_01045,1,mild_retinopathy,train_images\aptos_01045.png
aptos_01046,0,no_diabetic_retinopathy,train_images\aptos_01046.png
aptos_01047,0,no_diabetic_retinopathy,train_images\aptos_01047.png
aptos_01048,4,proliferative_retinopathy,train_images\aptos_01048.png
aptos_01049,2,moderate_retinopathy,train_images\aptos_01049.png
aptos_01050,0,no_diabetic_retinopathy,train_images\aptos_01050.png
aptos_01051,2,moderate_retinopathy,train_images\aptos_01051.png
aptos_01052,0,no_diabetic_retinopathy,train_images\aptos_01052.png
aptos_01053,2,moderate_retinopathy,train_images\aptos_01053.png
aptos_01054,2,moderate_retinopathy,train_images\aptos_01054.png
aptos_01055,3,severe_retinopathy,train_images\aptos_01055.png
aptos_01056,0,no_diabetic_retinopathy,train_images\aptos_01056.png
aptos_01057,0,no_diabetic_retinopathy,train_images\aptos_01057.png
aptos_01058,0,no_diabetic_retinopathy,train_images\aptos_01058.png
aptos_01059,0,no_diabetic_retinopathy,train_images\aptos_01059.png
aptos_01060,4,proliferative_retinopathy,train_images\aptos_01060.png
aptos_01061,0,no_diabetic_retinopathy,train_images\aptos_01061.png
aptos_01062,1,mild_retinopathy,train_images\aptos_01062.png
aptos_01063,0,no_diabetic_retinopathy,train_images\aptos_01063.png
aptos_01064,0,no_diabetic_retinopathy,train_images\aptos_01064.png
aptos_01065,1,mild_retinopathy,train_images\aptos_01065.png
aptos_01066,2,moderate_retinopathy,train_images\aptos_01066.png
aptos_01067,0,no_diabetic_retinopathy,train_images\aptos_01067.png
aptos_01068,3,severe_retinopathy,train_images\aptos_01068.png
aptos_01069,0,no_diabetic_retinopathy,train_images\aptos_01069.png
aptos_01070,3,severe_retinopathy,train_images\aptos_01070.png
aptos_01071,0,no_diabetic_retinopathy,train_images\aptos_01071.png
aptos_01072,0,no_diabetic_retinopathy,train_images\aptos_01072.png
aptos_01073,0,no_diabetic_retinopathy,train_images\aptos_01073.png
aptos_01074,2,moderate_retinopathy,train_images\aptos_01074.png
aptos_01075,3,severe_retinopathy,train_images\aptos_01075.png
aptos_01076,1,mild_retinopathy,train_images\aptos_01076.png
aptos_01077,0,no_diabetic_retinopathy,train_images\aptos_01077.png
aptos_01078,4,proliferative_retinopathy,train_images\aptos_01078.png
aptos_01079,0,no_diabetic_retinopathy,train_images\aptos_01079.png
aptos_01080,0,no_diabetic_retinopathy,train_images\aptos_01080.png
aptos_01081,2,moderate_retinopathy,train_images\aptos_01081.png
aptos_01082,0,no_diabetic_retinopathy,train_images\aptos_01082.png
aptos_01083,0,no_diabetic_retinopathy,train_images\aptos_01083.png
aptos_01084,2,moderate_retinopathy,train_images\aptos_01084.png
aptos_01085,0,no_diabetic_retinopathy,train_images\aptos_01085.png
aptos_01086,0,no_diabetic_retinopathy,train_images\aptos_01086.png
aptos_01087,2,moderate_retinopathy,train_images\aptos_01087.png
aptos_01088,0,no_diabetic_retinopathy,train_images\aptos_01088.png
aptos_01089,2,moderate_retinopathy,train_images\aptos_01089.png
aptos_01090,0,no_diabetic_retinopathy,train_images\aptos_01090.png
aptos_01091,3,severe_retinopathy,train_images\aptos_01091.png
aptos_01092,1,mild_retinopathy,train_images\aptos_01092.png
aptos_01093,3,severe_retinopathy,train_images\aptos_01093.png
aptos_01094,1,mild_retinopathy,train_images\aptos_01094.png
aptos_01095,2,moderate_retinopathy,train_images\aptos_01095.png
aptos_01096,2,moderate_retinopathy,train_images\aptos_01096.png
aptos_01097,4,proliferative_retinopathy,train_images\aptos_01097.png
aptos_01098,0,no_diabetic_retinopathy,train_images\aptos_01098.png
aptos_01099,0,no_diabetic_retinopathy,train_images\aptos_01099.png
aptos_01100,1,mild_retinopathy,train_images\aptos_01100.png
aptos_01101,4,proliferative_retinopathy,train_images\aptos_01101.png
aptos_01102,0,no_diabetic_retinopathy,train_images\aptos_01102.png
aptos_01103,1,mild_retinopathy,train_images\aptos_01103.png
aptos_01104,3,severe_retinopathy,train_images\aptos_01104.png
aptos_01105,1,mild_retinopathy,train_images\aptos_01105.png
aptos_01106,0,no_diabetic_retinopathy,train_images\aptos_01106.png
aptos_01107,0,no_diabetic_retinopathy,train_images\aptos_01107.png
aptos_01108,2,moderate_retinopathy,train_images\aptos_01108.png
aptos_01109,0,no_diabetic_retinopathy,train_images\aptos_01109.png
aptos_01110,0,no_diabetic_retinopathy,train_images\aptos_01110.png
aptos_01111,1,mild_retinopathy,train_images\aptos_01111.png
aptos_01112,2,moderate_retinopathy,train_images\aptos_01112.png
aptos_01113,1,mild_retinopathy,train_images\aptos_01113.png
aptos_01114,0,no_diabetic_retinopathy,train_images\aptos_01114.png
aptos_01115,0,no_diabetic_retinopathy,train_images\aptos_01115.png
aptos_01116,0,no_diabetic_retinopathy,train_images\aptos_01116.png
aptos_01117,0,no_diabetic_retinopathy,train_images\aptos_01117.png
aptos_01118,0,no_diabetic_retinopathy,train_images\aptos_01118.png
aptos_01119,1,mild_retinopathy,train_images\aptos_01119.png
aptos_01120,2,moderate_retinopathy,train_images\aptos_01120.png
aptos_01121,2,moderate_retinopathy,train_images\aptos_01121.png
aptos_01122,2,moderate_retinopathy,train_images\aptos_01122.png
aptos_01123,0,no_diabetic_retinopathy,train_images\aptos_01123.png
aptos_01124,1,mild_retinopathy,train_images\aptos_01124.png
aptos_01125,3,severe_retinopathy,train_images\aptos_01125.png
aptos_01126,2,moderate_retinopathy,train_images\aptos_01126.png
aptos_01127,2,moderate_retinopathy,train_images\aptos_01127.png
aptos_01128,0,no_diabetic_retinopathy,train_images\aptos_01128.png
aptos_01129,2,moderate_retinopathy,train_images\aptos_01129.png
aptos_01130,0,no_diabetic_retinopathy,train_images\aptos_01130.png
aptos_01131,1,mild_retinopathy,train_images\aptos_01131.png
aptos_01132,1,mild_retinopathy,train_images\aptos_01132.png
aptos_01133,0,no_diabetic_retinopathy,train_images\aptos_01133.png
aptos_01134,0,no_diabetic_retinopathy,train_images\aptos_01134.png
aptos_01135,3,severe_retinopathy,train_images\aptos_01135.png
aptos_01136,3,severe_retinopathy,train_images\aptos_01136.png
aptos_01137,0,no_diabetic_retinopathy,train_images\aptos_01137.png
aptos_01138,0,no_diabetic_retinopathy,train_images\aptos_01138.png
aptos_01139,0,no_diabetic_retinopathy,train_images\aptos_01139.png
aptos_01140,0,no_diabetic_retinopathy,train_images\aptos_01140.png
aptos_01141,0,no_diabetic_retinopathy,train_images\aptos_01141.png
aptos_01142,0,no_diabetic_retinopathy,train_images\aptos_01142.png
aptos_01143,0,no_diabetic_retinopathy,train_images\aptos_01143.png
aptos_01144,0,no_diabetic_retinopathy,train_images\aptos_01144.png
aptos_01145,1,mild_retinopathy,train_images\aptos_01145.png
aptos_01146,1,mild_retinopathy,train_images\aptos_01146.png
aptos_01147,0,no_diabetic_retinopathy,train_images\aptos_01147.png
aptos_01148,0,no_diabetic_retinopathy,train_images\aptos_01148.png
aptos_01149,3,severe_retinopathy,train_images\aptos_01149.png
aptos_01150,0,no_diabetic_retinopathy,train_images\aptos_01150.png
aptos_01151,2,moderate_retinopathy,train_images\aptos_01151.png
aptos_01152,0,no_diabetic_retinopathy,train_images\aptos_01152.png
aptos_01153,0,no_diabetic_retinopathy,train_images\aptos_01153.png
aptos_01154,2,moderate_retinopathy,train_images\aptos_01154.png
aptos_01155,2,moderate_retinopathy,train_images\aptos_01155.png
aptos_01156,1,mild_retinopathy,train_images\aptos_01156.png
aptos_01157,0,no_diabetic_retinopathy,train_images\aptos_01157.png
aptos_01158,3,severe_retinopathy,train_images\aptos_01158.png
aptos_01159,1,mild_retinopathy,train_images\aptos_01159.png
aptos_01160,2,moderate_retinopathy,train_images\aptos_01160.png
aptos_01161,2,moderate_retinopathy,train_images\aptos_01161.png
aptos_01162,2,moderate_retinopathy,train_images\aptos_01162.png
aptos_01163,2,moderate_retinopathy,train_images\aptos_01163.png
aptos_01164,4,proliferative_retinopathy,train_images\aptos_01164.png
aptos_01165,0,no_diabetic_retinopathy,train_images\aptos_01165.png
aptos_01166,0,no_diabetic_retinopathy,train_images\aptos_01166.png
aptos_01167,4,proliferative_retinopathy,train_images\aptos_01167.png
aptos_01168,0,no_diabetic_retinopathy,train_images\aptos_01168.png
aptos_01169,0,no_diabetic_retinopathy,train_images\aptos_01169.png
aptos_01170,4,proliferative_retinopathy,train_images\aptos_01170.png
aptos_01171,0,no_diabetic_retinopathy,train_images\aptos_01171.png
aptos_01172,2,moderate_retinopathy,train_images\aptos_01172.png
aptos_01173,2,moderate_retinopathy,train_images\aptos_01173.png
aptos_01174,2,moderate_retinopathy,train_images\aptos_01174.png
aptos_01175,2,moderate_retinopathy,train_images\aptos_01175.png
aptos_01176,3,severe_retinopathy,train_images\aptos_01176.png
aptos_01177,0,no_diabetic_retinopathy,train_images\aptos_01177.png
aptos_01178,0,no_diabetic_retinopathy,train_images\aptos_01178.png
aptos_01179,2,moderate_retinopathy,train_images\aptos_01179.png
aptos_01180,2,moderate_retinopathy,train_images\aptos_01180.png
aptos_01181,1,mild_retinopathy,train_images\aptos_01181.png
aptos_01182,2,moderate_retinopathy,train_images\aptos_01182.png
aptos_01183,2,moderate_retinopathy,train_images\aptos_01183.png
aptos_01184,2,moderate_retinopathy,train_images\aptos_01184.png
aptos_01185,0,no_diabetic_retinopathy,train_images\aptos_01185.png
aptos_01186,2,moderate_retinopathy,train_images\aptos_01186.png
aptos_01187,0,no_diabetic_retinopathy,train_images\aptos_01187.png
aptos_01188,0,no_diabetic_retinopathy,train_images\aptos_01188.png
aptos_01189,2,moderate_retinopathy,train_images\aptos_01189.png
aptos_01190,2,moderate_retinopathy,train_images\aptos_01190.png
aptos_01191,2,moderate_retinopathy,train_images\aptos_01191.png
aptos_01192,0,no_diabetic_retinopathy,train_images\aptos_01192.png
aptos_01193,0,no_diabetic_retinopathy,train_images\aptos_01193.png
aptos_01194,0,no_diabetic_retinopathy,train_images\aptos_01194.png
aptos_01195,0,no_diabetic_retinopathy,train_images\aptos_01195.png
aptos_01196,1,mild_retinopathy,train_images\aptos_01196.png
aptos_01197,2,moderate_retinopathy,train_images\aptos_01197.png
aptos_01198,0,no_diabetic_retinopathy,train_images\aptos_01198.png
aptos_01199,0,no_diabetic_retinopathy,train_images\aptos_01199.png
aptos_01200,2,moderate_retinopathy,train_images\aptos_01200.png
aptos_01201,1,mild_retinopathy,train_images\aptos_01201.png
aptos_01202,0,no_diabetic_retinopathy,train_images\aptos_01202.png
aptos_01203,0,no_diabetic_retinopathy,train_images\aptos_01203.png
aptos_01204,2,moderate_retinopathy,train_images\aptos_01204.png
aptos_01205,0,no_diabetic_retinopathy,train_images\aptos_01205.png
aptos_01206,1,mild_retinopathy,train_images\aptos_01206.png
aptos_01207,0,no_diabetic_retinopathy,train_images\aptos_01207.png
aptos_01208,1,mild_retinopathy,train_images\aptos_01208.png
aptos_01209,3,severe_retinopathy,train_images\aptos_01209.png
aptos_01210,0,no_diabetic_retinopathy,train_images\aptos_01210.png
aptos_01211,0,no_diabetic_retinopathy,train_images\aptos_01211.png
aptos_01212,0,no_diabetic_retinopathy,train_images\aptos_01212.png
aptos_01213,1,mild_retinopathy,train_images\aptos_01213.png
aptos_01214,0,no_diabetic_retinopathy,train_images\aptos_01214.png
aptos_01215,0,no_diabetic_retinopathy,train_images\aptos_01215.png
aptos_01216,2,moderate_retinopathy,train_images\aptos_01216.png
aptos_01217,0,no_diabetic_retinopathy,train_images\aptos_01217.png
aptos_01218,0,no_diabetic_retinopathy,train_images\aptos_01218.png
aptos_01219,0,no_diabetic_retinopathy,train_images\aptos_01219.png
aptos_01220,1,mild_retinopathy,train_images\aptos_01220.png
aptos_01221,2,moderate_retinopathy,train_images\aptos_01221.png
aptos_01222,2,moderate_retinopathy,train_images\aptos_01222.png
aptos_01223,0,no_diabetic_retinopathy,train_images\aptos_01223.png
aptos_01224,0,no_diabetic_retinopathy,train_images\aptos_01224.png
aptos_01225,2,moderate_retinopathy,train_images\aptos_01225.png
aptos_01226,0,no_diabetic_retinopathy,train_images\aptos_01226.png
aptos_01227,2,moderate_retinopathy,train_images\aptos_01227.png
aptos_01228,2,moderate_retinopathy,train_images\aptos_01228.png
aptos_01229,0,no_diabetic_retinopathy,train_images\aptos_01229.png
aptos_01230,2,moderate_retinopathy,train_images\aptos_01230.png
aptos_01231,2,moderate_retinopathy,train_images\aptos_01231.png
aptos_01232,0,no_diabetic_retinopathy,train_images\aptos_01232.png
aptos_01233,1,mild_retinopathy,train_images\aptos_01233.png
aptos_01234,0,no_diabetic_retinopathy,train_images\aptos_01234.png
aptos_01235,0,no_diabetic_retinopathy,train_images\aptos_01235.png
aptos_01236,1,mild_retinopathy,train_images\aptos_01236.png
aptos_01237,4,proliferative_retinopathy,train_images\aptos_01237.png
aptos_01238,0,no_diabetic_retinopathy,train_images\aptos_01238.png
aptos_01239,2,moderate_retinopathy,train_images\aptos_01239.png
aptos_01240,1,mild_retinopathy,train_images\aptos_01240.png
aptos_01241,0,no_diabetic_retinopathy,train_images\aptos_01241.png
aptos_01242,1,mild_retinopathy,train_images\aptos_01242.png
aptos_01243,0,no_diabetic_retinopathy,train_images\aptos_01243.png
aptos_01244,2,moderate_retinopathy,train_images\aptos_01244.png
aptos_01245,1,mild_retinopathy,train_images\aptos_01245.png
aptos_01246,0,no_diabetic_retinopathy,train_images\aptos_01246.png
aptos_01247,2,moderate_retinopathy,train_images\aptos_01247.png
aptos_01248,0,no_diabetic_retinopathy,train_images\aptos_01248.png
aptos_01249,0,no_diabetic_retinopathy,train_images\aptos_01249.png
aptos_01250,2,moderate_retinopathy,train_images\aptos_01250.png
aptos_01251,4,proliferative_retinopathy,train_images\aptos_01251.png
aptos_01252,2,moderate_retinopathy,train_images\aptos_01252.png
aptos_01253,1,mild_retinopathy,train_images\aptos_01253.png
aptos_01254,1,mild_retinopathy,train_images\aptos_01254.png
aptos_01255,0,no_diabetic_retinopathy,train_images\aptos_01255.png
aptos_01256,2,moderate_retinopathy,train_images\aptos_01256.png
aptos_01257,0,no_diabetic_retinopathy,train_images\aptos_01257.png
aptos_01258,2,moderate_retinopathy,train_images\aptos_01258.png
aptos_01259,0,no_diabetic_retinopathy,train_images\aptos_01259.png
aptos_01260,0,no_diabetic_retinopathy,train_images\aptos_01260.png
aptos_01261,2,moderate_retinopathy,train_images\aptos_01261.png
aptos_01262,0,no_diabetic_retinopathy,train_images\aptos_01262.png
aptos_01263,0,no_diabetic_retinopathy,train_images\aptos_01263.png
aptos_01264,1,mild_retinopathy,train_images\aptos_01264.png
aptos_01265,1,mild_retinopathy,train_images\aptos_01265.png
aptos_01266,2,moderate_retinopathy,train_images\aptos_01266.png
aptos_01267,2,moderate_retinopathy,train_images\aptos_01267.png
aptos_01268,0,no_diabetic_retinopathy,train_images\aptos_01268.png
aptos_01269,1,mild_retinopathy,train_images\aptos_01269.png
aptos_01270,1,mild_retinopathy,train_images\aptos_01270.png
aptos_01271,0,no_diabetic_retinopathy,train_images\aptos_01271.png
aptos_01272,0,no_diabetic_retinopathy,train_images\aptos_01272.png
aptos_01273,0,no_diabetic_retinopathy,train_images\aptos_01273.png
aptos_01274,4,proliferative_retinopathy,train_images\aptos_01274.png
aptos_01275,0,no_diabetic_retinopathy,train_images\aptos_01275.png
aptos_01276,1,mild_retinopathy,train_images\aptos_01276.png
aptos_01277,0,no_diabetic_retinopathy,train_images\aptos_01277.png
aptos_01278,0,no_diabetic_retinopathy,train_images\aptos_01278.png
aptos_01279,2,moderate_retinopathy,train_images\aptos_01279.png
aptos_01280,2,moderate_retinopathy,train_images\aptos_01280.png
aptos_01281,1,mild_retinopathy,train_images\aptos_01281.png
aptos_01282,0,no_diabetic_retinopathy,train_images\aptos_01282.png
aptos_01283,0,no_diabetic_retinopathy,train_images\aptos_01283.png
aptos_01284,0,no_diabetic_retinopathy,train_images\aptos_01284.png
aptos_01285,0,no_diabetic_retinopathy,train_images\aptos_01285.png
aptos_01286,0,no_diabetic_retinopathy,train_images\aptos_01286.png
aptos_01287,2,moderate_retinopathy,train_images\aptos_01287.png
aptos_01288,0,no_diabetic_retinopathy,train_images\aptos_01288.png
aptos_01289,1,mild_retinopathy,train_images\aptos_01289.png
aptos_01290,2,moderate_retinopathy,train_images\aptos_01290.png
aptos_01291,2,moderate_retinopathy,train_images\aptos_01291.png
aptos_01292,4,proliferative_retinopathy,train_images\aptos_01292.png
aptos_01293,2,moderate_retinopathy,train_images\aptos_01293.png
aptos_01294,1,mild_retinopathy,train_images\aptos_01294.png
aptos_01295,0,no_diabetic_retinopathy,train_images\aptos_01295.png
aptos_01296,2,moderate_retinopathy,train_images\aptos_01296.png
aptos_01297,0,no_diabetic_retinopathy,train_images\aptos_01297.png
aptos_01298,0,no_diabetic_retinopathy,train_images\aptos_01298.png
aptos_01299,2,moderate_retinopathy,train_images\aptos_01299.png
aptos_01300,2,moderate_retinopathy,train_images\aptos_01300.png
aptos_01301,0,no_diabetic_retinopathy,train_images\aptos_01301.png
aptos_01302,2,moderate_retinopathy,train_images\aptos_01302.png
aptos_01303,0,no_diabetic_retinopathy,train_images\aptos_01303.png
aptos_01304,0,no_diabetic_retinopathy,train_images\aptos_01304.png
aptos_01305,0,no_diabetic_retinopathy,train_images\aptos_01305.png
aptos_01306,1,mild_retinopathy,train_images\aptos_01306.png
aptos_01307,1,mild_retinopathy,train_images\aptos_01307.png
aptos_01308,0,no_diabetic_retinopathy,train_images\aptos_01308.png
aptos_01309,0,no_diabetic_retinopathy,train_images\aptos_01309.png
aptos_01310,2,moderate_retinopathy,train_images\aptos_01310.png
aptos_01311,0,no_diabetic_retinopathy,train_images\aptos_01311.png
aptos_01312,0,no_diabetic_retinopathy,train_images\aptos_01312.png
aptos_01313,3,severe_retinopathy,train_images\aptos_01313.png
aptos_01314,0,no_diabetic_retinopathy,train_images\aptos_01314.png
aptos_01315,4,proliferative_retinopathy,train_images\aptos_01315.png
aptos_01316,2,moderate_retinopathy,train_images\aptos_01316.png
aptos_01317,1,mild_retinopathy,train_images\aptos_01317.png
aptos_01318,4,proliferative_retinopathy,train_images\aptos_01318.png
aptos_01319,1,mild_retinopathy,train_images\aptos_01319.png
aptos_01320,0,no_diabetic_retinopathy,train_images\aptos_01320.png
aptos_01321,0,no_diabetic_retinopathy,train_images\aptos_01321.png
aptos_01322,0,no_diabetic_retinopathy,train_images\aptos_01322.png
aptos_01323,4,proliferative_retinopathy,train_images\aptos_01323.png
aptos_01324,0,no_diabetic_retinopathy,train_images\aptos_01324.png
aptos_01325,0,no_diabetic_retinopathy,train_images\aptos_01325.png
aptos_01326,0,no_diabetic_retinopathy,train_images\aptos_01326.png
aptos_01327,2,moderate_retinopathy,train_images\aptos_01327.png
aptos_01328,4,proliferative_retinopathy,train_images\aptos_01328.png
aptos_01329,0,no_diabetic_retinopathy,train_images\aptos_01329.png
aptos_01330,2,moderate_retinopathy,train_images\aptos_01330.png
aptos_01331,0,no_diabetic_retinopathy,train_images\aptos_01331.png
aptos_01332,0,no_diabetic_retinopathy,train_images\aptos_01332.png
aptos_01333,0,no_diabetic_retinopathy,train_images\aptos_01333.png
aptos_01334,1,mild_retinopathy,train_images\aptos_01334.png
aptos_01335,0,no_diabetic_retinopathy,train_images\aptos_01335.png
aptos_01336,2,moderate_retinopathy,train_images\aptos_01336.png
aptos_01337,2,moderate_retinopathy,train_images\aptos_01337.png
aptos_01338,0,no_diabetic_retinopathy,train_images\aptos_01338.png
aptos_01339,2,moderate_retinopathy,train_images\aptos_01339.png
aptos_01340,2,moderate_retinopathy,train_images\aptos_01340.png
aptos_01341,0,no_diabetic_retinopathy,train_images\aptos_01341.png
aptos_01342,0,no_diabetic_retinopathy,train_images\aptos_01342.png
aptos_01343,0,no_diabetic_retinopathy,train_images\aptos_01343.png
aptos_01344,0,no_diabetic_retinopathy,train_images\aptos_01344.png
aptos_01345,4,proliferative_retinopathy,train_images\aptos_01345.png
aptos_01346,0,no_diabetic_retinopathy,train_images\aptos_01346.png
aptos_01347,0,no_diabetic_retinopathy,train_images\aptos_01347.png
aptos_01348,0,no_diabetic_retinopathy,train_images\aptos_01348.png
aptos_01349,2,moderate_retinopathy,train_images\aptos_01349.png
aptos_01350,4,proliferative_retinopathy,train_images\aptos_01350.png
aptos_01351,0,no_diabetic_retinopathy,train_images\aptos_01351.png
aptos_01352,2,moderate_retinopathy,train_images\aptos_01352.png
aptos_01353,0,no_diabetic_retinopathy,train_images\aptos_01353.png
aptos_01354,0,no_diabetic_retinopathy,train_images\aptos_01354.png
aptos_01355,2,moderate_retinopathy,train_images\aptos_01355.png
aptos_01356,2,moderate_retinopathy,train_images\aptos_01356.png
aptos_01357,2,moderate_retinopathy,train_images\aptos_01357.png
aptos_01358,4,proliferative_retinopathy,train_images\aptos_01358.png
aptos_01359,0,no_diabetic_retinopathy,train_images\aptos_01359.png
aptos_01360,0,no_diabetic_retinopathy,train_images\aptos_01360.png
aptos_01361,0,no_diabetic_retinopathy,train_images\aptos_01361.png
aptos_01362,2,moderate_retinopathy,train_images\aptos_01362.png
aptos_01363,0,no_diabetic_retinopathy,train_images\aptos_01363.png
aptos_01364,2,moderate_retinopathy,train_images\aptos_01364.png
aptos_01365,1,mild_retinopathy,train_images\aptos_01365.png
aptos_01366,3,severe_retinopathy,train_images\aptos_01366.png
aptos_01367,0,no_diabetic_retinopathy,train_images\aptos_01367.png
aptos_01368,0,no_diabetic_retinopathy,train_images\aptos_01368.png
aptos_01369,0,no_diabetic_retinopathy,train_images\aptos_01369.png
aptos_01370,2,moderate_retinopathy,train_images\aptos_01370.png
aptos_01371,0,no_diabetic_retinopathy,train_images\aptos_01371.png
aptos_01372,1,mild_retinopathy,train_images\aptos_01372.png
aptos_01373,3,severe_retinopathy,train_images\aptos_01373.png
aptos_01374,0,no_diabetic_retinopathy,train_images\aptos_01374.png
aptos_01375,3,severe_retinopathy,train_images\aptos_01375.png
aptos_01376,0,no_diabetic_retinopathy,train_images\aptos_01376.png
aptos_01377,0,no_diabetic_retinopathy,train_images\aptos_01377.png
aptos_01378,2,moderate_retinopathy,train_images\aptos_01378.png
aptos_01379,0,no_diabetic_retinopathy,train_images\aptos_01379.png
aptos_01380,2,moderate_retinopathy,train_images\aptos_01380.png
aptos_01381,4,proliferative_retinopathy,train_images\aptos_01381.png
aptos_01382,0,no_diabetic_retinopathy,train_images\aptos_01382.png
aptos_01383,0,no_diabetic_retinopathy,train_images\aptos_01383.png
aptos_01384,4,proliferative_retinopathy,train_images\aptos_01384.png
aptos_01385,4,proliferative_retinopathy,train_images\aptos_01385.png
aptos_01386,1,mild_retinopathy,train_images\aptos_01386.png
aptos_01387,0,no_diabetic_retinopathy,train_images\aptos_01387.png
aptos_01388,1,mild_retinopathy,train_images\aptos_01388.png
aptos_01389,0,no_diabetic_retinopathy,train_images\aptos_01389.png
aptos_01390,3,severe_retinopathy,train_images\aptos_01390.png
aptos_01391,4,proliferative_retinopathy,train_images\aptos_01391.png
aptos_01392,0,no_diabetic_retinopathy,train_images\aptos_01392.png
aptos_01393,2,moderate_retinopathy,train_images\aptos_01393.png
aptos_01394,4,proliferative_retinopathy,train_images\aptos_01394.png
aptos_01395,1,mild_retinopathy,train_images\aptos_01395.png
aptos_01396,2,moderate_retinopathy,train_images\aptos_01396.png
aptos_01397,0,no_diabetic_retinopathy,train_images\aptos_01397.png
aptos_01398,0,no_diabetic_retinopathy,train_images\aptos_01398.png
aptos_01399,0,no_diabetic_retinopathy,train_images\aptos_01399.png
aptos_01400,4,proliferative_retinopathy,train_images\aptos_01400.png
aptos_01401,4,proliferative_retinopathy,train_images\aptos_01401.png
aptos_01402,4,proliferative_retinopathy,train_images\aptos_01402.png
aptos_01403,2,moderate_retinopathy,train_images\aptos_01403.png
aptos_01404,3,severe_retinopathy,train_images\aptos_01404.png
aptos_01405,0,no_diabetic_retinopathy,train_images\aptos_01405.png
aptos_01406,0,no_diabetic_retinopathy,train_images\aptos_01406.png
aptos_01407,1,mild_retinopathy,train_images\aptos_01407.png
aptos_01408,2,moderate_retinopathy,train_images\aptos_01408.png
aptos_01409,0,no_diabetic_retinopathy,train_images\aptos_01409.png
aptos_01410,0,no_diabetic_retinopathy,train_images\aptos_01410.png
aptos_01411,2,moderate_retinopathy,train_images\aptos_01411.png
aptos_01412,2,moderate_retinopathy,train_images\aptos_01412.png
aptos_01413,2,moderate_retinopathy,train_images\aptos_01413.png
aptos_01414,0,no_diabetic_retinopathy,train_images\aptos_01414.png
aptos_01415,1,mild_retinopathy,train_images\aptos_01415.png
aptos_01416,0,no_diabetic_retinopathy,train_images\aptos_01416.png
aptos_01417,2,moderate_retinopathy,train_images\aptos_01417.png
aptos_01418,1,mild_retinopathy,train_images\aptos_01418.png
aptos_01419,0,no_diabetic_retinopathy,train_images\aptos_01419.png
aptos_01420,1,mild_retinopathy,train_images\aptos_01420.png
aptos_01421,4,proliferative_retinopathy,train_images\aptos_01421.png
aptos_01422,0,no_diabetic_retinopathy,train_images\aptos_01422.png
aptos_01423,0,no_diabetic_retinopathy,train_images\aptos_01423.png
aptos_01424,2,moderate_retinopathy,train_images\aptos_01424.png
aptos_01425,0,no_diabetic_retinopathy,train_images\aptos_01425.png
aptos_01426,2,moderate_retinopathy,train_images\aptos_01426.png
aptos_01427,0,no_diabetic_retinopathy,train_images\aptos_01427.png
aptos_01428,1,mild_retinopathy,train_images\aptos_01428.png
aptos_01429,2,moderate_retinopathy,train_images\aptos_01429.png
aptos_01430,0,no_diabetic_retinopathy,train_images\aptos_01430.png
aptos_01431,0,no_diabetic_retinopathy,train_images\aptos_01431.png
aptos_01432,4,proliferative_retinopathy,train_images\aptos_01432.png
aptos_01433,0,no_diabetic_retinopathy,train_images\aptos_01433.png
aptos_01434,1,mild_retinopathy,train_images\aptos_01434.png
aptos_01435,4,proliferative_retinopathy,train_images\aptos_01435.png
aptos_01436,0,no_diabetic_retinopathy,train_images\aptos_01436.png
aptos_01437,0,no_diabetic_retinopathy,train_images\aptos_01437.png
aptos_01438,2,moderate_retinopathy,train_images\aptos_01438.png
aptos_01439,2,moderate_retinopathy,train_images\aptos_01439.png
aptos_01440,2,moderate_retinopathy,train_images\aptos_01440.png
aptos_01441,1,mild_retinopathy,train_images\aptos_01441.png
aptos_01442,2,moderate_retinopathy,train_images\aptos_01442.png
aptos_01443,0,no_diabetic_retinopathy,train_images\aptos_01443.png
aptos_01444,0,no_diabetic_retinopathy,train_images\aptos_01444.png
aptos_01445,0,no_diabetic_retinopathy,train_images\aptos_01445.png
aptos_01446,4,proliferative_retinopathy,train_images\aptos_01446.png
aptos_01447,0,no_diabetic_retinopathy,train_images\aptos_01447.png
aptos_01448,0,no_diabetic_retinopathy,train_images\aptos_01448.png
aptos_01449,4,proliferative_retinopathy,train_images\aptos_01449.png
aptos_01450,1,mild_retinopathy,train_images\aptos_01450.png
aptos_01451,2,moderate_retinopathy,train_images\aptos_01451.png
aptos_01452,0,no_diabetic_retinopathy,train_images\aptos_01452.png
aptos_01453,0,no_diabetic_retinopathy,train_images\aptos_01453.png
aptos_01454,0,no_diabetic_retinopathy,train_images\aptos_01454.png
aptos_01455,4,proliferative_retinopathy,train_images\aptos_01455.png
aptos_01456,0,no_diabetic_retinopathy,train_images\aptos_01456.png
aptos_01457,4,proliferative_retinopathy,train_images\aptos_01457.png
aptos_01458,0,no_diabetic_retinopathy,train_images\aptos_01458.png
aptos_01459,2,moderate_retinopathy,train_images\aptos_01459.png
aptos_01460,0,no_diabetic_retinopathy,train_images\aptos_01460.png
aptos_01461,4,proliferative_retinopathy,train_images\aptos_01461.png
aptos_01462,0,no_diabetic_retinopathy,train_images\aptos_01462.png
aptos_01463,1,mild_retinopathy,train_images\aptos_01463.png
aptos_01464,2,moderate_retinopathy,train_images\aptos_01464.png
aptos_01465,0,no_diabetic_retinopathy,train_images\aptos_01465.png
aptos_01466,2,moderate_retinopathy,train_images\aptos_01466.png
aptos_01467,4,proliferative_retinopathy,train_images\aptos_01467.png
aptos_01468,0,no_diabetic_retinopathy,train_images\aptos_01468.png
aptos_01469,2,moderate_retinopathy,train_images\aptos_01469.png
aptos_01470,0,no_diabetic_retinopathy,train_images\aptos_01470.png
aptos_01471,1,mild_retinopathy,train_images\aptos_01471.png
aptos_01472,2,moderate_retinopathy,train_images\aptos_01472.png
aptos_01473,2,moderate_retinopathy,train_images\aptos_01473.png
aptos_01474,3,severe_retinopathy,train_images\aptos_01474.png
aptos_01475,2,moderate_retinopathy,train_images\aptos_01475.png
aptos_01476,0,no_diabetic_retinopathy,train_images\aptos_01476.png
aptos_01477,1,mild_retinopathy,train_images\aptos_01477.png
aptos_01478,1,mild_retinopathy,train_images\aptos_01478.png
aptos_01479,2,moderate_retinopathy,train_images\aptos_01479.png
aptos_01480,2,moderate_retinopathy,train_images\aptos_01480.png
aptos_01481,0,no_diabetic_retinopathy,train_images\aptos_01481.png
aptos_01482,0,no_diabetic_retinopathy,train_images\aptos_01482.png
aptos_01483,1,mild_retinopathy,train_images\aptos_01483.png
aptos_01484,2,moderate_retinopathy,train_images\aptos_01484.png
aptos_01485,2,moderate_retinopathy,train_images\aptos_01485.png
aptos_01486,0,no_diabetic_retinopathy,train_images\aptos_01486.png
aptos_01487,0,no_diabetic_retinopathy,train_images\aptos_01487.png
aptos_01488,1,mild_retinopathy,train_images\aptos_01488.png
aptos_01489,0,no_diabetic_retinopathy,train_images\aptos_01489.png
aptos_01490,0,no_diabetic_retinopathy,train_images\aptos_01490.png
aptos_01491,2,moderate_retinopathy,train_images\aptos_01491.png
aptos_01492,3,severe_retinopathy,train_images\aptos_01492.png
aptos_01493,2,moderate_retinopathy,train_images\aptos_01493.png
aptos_01494,0,no_diabetic_retinopathy,train_images\aptos_01494.png
aptos_01495,0,no_diabetic_retinopathy,train_images\aptos_01495.png
aptos_01496,0,no_diabetic_retinopathy,train_images\aptos_01496.png
aptos_01497,0,no_diabetic_retinopathy,train_images\aptos_01497.png
aptos_01498,2,moderate_retinopathy,train_images\aptos_01498.png
aptos_01499,0,no_diabetic_retinopathy,train_images\aptos_01499.png
aptos_01500,3,severe_retinopathy,train_images\aptos_01500.png
aptos_01501,2,moderate_retinopathy,train_images\aptos_01501.png
aptos_01502,2,moderate_retinopathy,train_images\aptos_01502.png
aptos_01503,0,no_diabetic_retinopathy,train_images\aptos_01503.png
aptos_01504,0,no_diabetic_retinopathy,train_images\aptos_01504.png
aptos_01505,2,moderate_retinopathy,train_images\aptos_01505.png
aptos_01506,0,no_diabetic_retinopathy,train_images\aptos_01506.png
aptos_01507,4,proliferative_retinopathy,train_images\aptos_01507.png
aptos_01508,3,severe_retinopathy,train_images\aptos_01508.png
aptos_01509,0,no_diabetic_retinopathy,train_images\aptos_01509.png
aptos_01510,0,no_diabetic_retinopathy,train_images\aptos_01510.png
aptos_01511,0,no_diabetic_retinopathy,train_images\aptos_01511.png
aptos_01512,0,no_diabetic_retinopathy,train_images\aptos_01512.png
aptos_01513,2,moderate_retinopathy,train_images\aptos_01513.png
aptos_01514,0,no_diabetic_retinopathy,train_images\aptos_01514.png
aptos_01515,1,mild_retinopathy,train_images\aptos_01515.png
aptos_01516,1,mild_retinopathy,train_images\aptos_01516.png
aptos_01517,3,severe_retinopathy,train_images\aptos_01517.png
aptos_01518,0,no_diabetic_retinopathy,train_images\aptos_01518.png
aptos_01519,0,no_diabetic_retinopathy,train_images\aptos_01519.png
aptos_01520,0,no_diabetic_retinopathy,train_images\aptos_01520.png
aptos_01521,0,no_diabetic_retinopathy,train_images\aptos_01521.png
aptos_01522,2,moderate_retinopathy,train_images\aptos_01522.png
aptos_01523,2,moderate_retinopathy,train_images\aptos_01523.png
aptos_01524,0,no_diabetic_retinopathy,train_images\aptos_01524.png
aptos_01525,2,moderate_retinopathy,train_images\aptos_01525.png
aptos_01526,3,severe_retinopathy,train_images\aptos_01526.png
aptos_01527,0,no_diabetic_retinopathy,train_images\aptos_01527.png
aptos_01528,0,no_diabetic_retinopathy,train_images\aptos_01528.png
aptos_01529,0,no_diabetic_retinopathy,train_images\aptos_01529.png
aptos_01530,0,no_diabetic_retinopathy,train_images\aptos_01530.png
aptos_01531,0,no_diabetic_retinopathy,train_images\aptos_01531.png
aptos_01532,4,proliferative_retinopathy,train_images\aptos_01532.png
aptos_01533,2,moderate_retinopathy,train_images\aptos_01533.png
aptos_01534,0,no_diabetic_retinopathy,train_images\aptos_01534.png
aptos_01535,2,moderate_retinopathy,train_images\aptos_01535.png
aptos_01536,0,no_diabetic_retinopathy,train_images\aptos_01536.png
aptos_01537,4,proliferative_retinopathy,train_images\aptos_01537.png
aptos_01538,0,no_diabetic_retinopathy,train_images\aptos_01538.png
aptos_01539,0,no_diabetic_retinopathy,train_images\aptos_01539.png
aptos_01540,1,mild_retinopathy,train_images\aptos_01540.png
aptos_01541,0,no_diabetic_retinopathy,train_images\aptos_01541.png
aptos_01542,0,no_diabetic_retinopathy,train_images\aptos_01542.png
aptos_01543,2,moderate_retinopathy,train_images\aptos_01543.png
aptos_01544,2,moderate_retinopathy,train_images\aptos_01544.png
aptos_01545,0,no_diabetic_retinopathy,train_images\aptos_01545.png
aptos_01546,4,proliferative_retinopathy,train_images\aptos_01546.png
aptos_01547,1,mild_retinopathy,train_images\aptos_01547.png
aptos_01548,0,no_diabetic_retinopathy,train_images\aptos_01548.png
aptos_01549,4,proliferative_retinopathy,train_images\aptos_01549.png
aptos_01550,0,no_diabetic_retinopathy,train_images\aptos_01550.png
aptos_01551,3,severe_retinopathy,train_images\aptos_01551.png
aptos_01552,0,no_diabetic_retinopathy,train_images\aptos_01552.png
aptos_01553,4,proliferative_retinopathy,train_images\aptos_01553.png
aptos_01554,1,mild_retinopathy,train_images\aptos_01554.png
aptos_01555,2,moderate_retinopathy,train_images\aptos_01555.png
aptos_01556,2,moderate_retinopathy,train_images\aptos_01556.png
aptos_01557,0,no_diabetic_retinopathy,train_images\aptos_01557.png
aptos_01558,0,no_diabetic_retinopathy,train_images\aptos_01558.png
aptos_01559,0,no_diabetic_retinopathy,train_images\aptos_01559.png
aptos_01560,0,no_diabetic_retinopathy,train_images\aptos_01560.png
aptos_01561,4,proliferative_retinopathy,train_images\aptos_01561.png
aptos_01562,0,no_diabetic_retinopathy,train_images\aptos_01562.png
aptos_01563,4,proliferative_retinopathy,train_images\aptos_01563.png
aptos_01564,0,no_diabetic_retinopathy,train_images\aptos_01564.png
aptos_01565,0,no_diabetic_retinopathy,train_images\aptos_01565.png
aptos_01566,2,moderate_retinopathy,train_images\aptos_01566.png
aptos_01567,0,no_diabetic_retinopathy,train_images\aptos_01567.png
aptos_01568,0,no_diabetic_retinopathy,train_images\aptos_01568.png
aptos_01569,2,moderate_retinopathy,train_images\aptos_01569.png
aptos_01570,0,no_diabetic_retinopathy,train_images\aptos_01570.png
aptos_01571,2,moderate_retinopathy,train_images\aptos_01571.png
aptos_01572,0,no_diabetic_retinopathy,train_images\aptos_01572.png
aptos_01573,0,no_diabetic_retinopathy,train_images\aptos_01573.png
aptos_01574,0,no_diabetic_retinopathy,train_images\aptos_01574.png
aptos_01575,0,no_diabetic_retinopathy,train_images\aptos_01575.png
aptos_01576,0,no_diabetic_retinopathy,train_images\aptos_01576.png
aptos_01577,2,moderate_retinopathy,train_images\aptos_01577.png
aptos_01578,4,proliferative_retinopathy,train_images\aptos_01578.png
aptos_01579,0,no_diabetic_retinopathy,train_images\aptos_01579.png
aptos_01580,3,severe_retinopathy,train_images\aptos_01580.png
aptos_01581,1,mild_retinopathy,train_images\aptos_01581.png
aptos_01582,3,severe_retinopathy,train_images\aptos_01582.png
aptos_01583,2,moderate_retinopathy,train_images\aptos_01583.png
aptos_01584,0,no_diabetic_retinopathy,train_images\aptos_01584.png
aptos_01585,0,no_diabetic_retinopathy,train_images\aptos_01585.png
aptos_01586,0,no_diabetic_retinopathy,train_images\aptos_01586.png
aptos_01587,4,proliferative_retinopathy,train_images\aptos_01587.png
aptos_01588,2,moderate_retinopathy,train_images\aptos_01588.png
aptos_01589,0,no_diabetic_retinopathy,train_images\aptos_01589.png
aptos_01590,4,proliferative_retinopathy,train_images\aptos_01590.png
aptos_01591,3,severe_retinopathy,train_images\aptos_01591.png
aptos_01592,0,no_diabetic_retinopathy,train_images\aptos_01592.png
aptos_01593,0,no_diabetic_retinopathy,train_images\aptos_01593.png
aptos_01594,4,proliferative_retinopathy,train_images\aptos_01594.png
aptos_01595,0,no_diabetic_retinopathy,train_images\aptos_01595.png
aptos_01596,1,mild_retinopathy,train_images\aptos_01596.png
aptos_01597,4,proliferative_retinopathy,train_images\aptos_01597.png
aptos_01598,0,no_diabetic_retinopathy,train_images\aptos_01598.png
aptos_01599,2,moderate_retinopathy,train_images\aptos_01599.png
aptos_01600,0,no_diabetic_retinopathy,train_images\aptos_01600.png
aptos_01601,4,proliferative_retinopathy,train_images\aptos_01601.png
aptos_01602,2,moderate_retinopathy,train_images\aptos_01602.png
aptos_01603,2,moderate_retinopathy,train_images\aptos_01603.png
aptos_01604,2,moderate_retinopathy,train_images\aptos_01604.png
aptos_01605,4,proliferative_retinopathy,train_images\aptos_01605.png
aptos_01606,1,mild_retinopathy,train_images\aptos_01606.png
aptos_01607,2,moderate_retinopathy,train_images\aptos_01607.png
aptos_01608,0,no_diabetic_retinopathy,train_images\aptos_01608.png
aptos_01609,0,no_diabetic_retinopathy,train_images\aptos_01609.png
aptos_01610,3,severe_retinopathy,train_images\aptos_01610.png
aptos_01611,1,mild_retinopathy,train_images\aptos_01611.png
aptos_01612,0,no_diabetic_retinopathy,train_images\aptos_01612.png
aptos_01613,2,moderate_retinopathy,train_images\aptos_01613.png
aptos_01614,0,no_diabetic_retinopathy,train_images\aptos_01614.png
aptos_01615,1,mild_retinopathy,train_images\aptos_01615.png
aptos_01616,0,no_diabetic_retinopathy,train_images\aptos_01616.png
aptos_01617,0,no_diabetic_retinopathy,train_images\aptos_01617.png
aptos_01618,0,no_diabetic_retinopathy,train_images\aptos_01618.png
aptos_01619,2,moderate_retinopathy,train_images\aptos_01619.png
aptos_01620,3,severe_retinopathy,train_images\aptos_01620.png
aptos_01621,0,no_diabetic_retinopathy,train_images\aptos_01621.png
aptos_01622,0,no_diabetic_retinopathy,train_images\aptos_01622.png
aptos_01623,0,no_diabetic_retinopathy,train_images\aptos_01623.png
aptos_01624,4,proliferative_retinopathy,train_images\aptos_01624.png
aptos_01625,0,no_diabetic_retinopathy,train_images\aptos_01625.png
aptos_01626,0,no_diabetic_retinopathy,train_images\aptos_01626.png
aptos_01627,4,proliferative_retinopathy,train_images\aptos_01627.png
aptos_01628,2,moderate_retinopathy,train_images\aptos_01628.png
aptos_01629,1,mild_retinopathy,train_images\aptos_01629.png
aptos_01630,0,no_diabetic_retinopathy,train_images\aptos_01630.png
aptos_01631,1,mild_retinopathy,train_images\aptos_01631.png
aptos_01632,2,moderate_retinopathy,train_images\aptos_01632.png
aptos_01633,2,moderate_retinopathy,train_images\aptos_01633.png
aptos_01634,0,no_diabetic_retinopathy,train_images\aptos_01634.png
aptos_01635,0,no_diabetic_retinopathy,train_images\aptos_01635.png
aptos_01636,1,mild_retinopathy,train_images\aptos_01636.png
aptos_01637,0,no_diabetic_retinopathy,train_images\aptos_01637.png
aptos_01638,0,no_diabetic_retinopathy,train_images\aptos_01638.png
aptos_01639,0,no_diabetic_retinopathy,train_images\aptos_01639.png
aptos_01640,2,moderate_retinopathy,train_images\aptos_01640.png
aptos_01641,0,no_diabetic_retinopathy,train_images\aptos_01641.png
aptos_01642,0,no_diabetic_retinopathy,train_images\aptos_01642.png
aptos_01643,1,mild_retinopathy,train_images\aptos_01643.png
aptos_01644,0,no_diabetic_retinopathy,train_images\aptos_01644.png
aptos_01645,2,moderate_retinopathy,train_images\aptos_01645.png
aptos_01646,2,moderate_retinopathy,train_images\aptos_01646.png
aptos_01647,0,no_diabetic_retinopathy,train_images\aptos_01647.png
aptos_01648,3,severe_retinopathy,train_images\aptos_01648.png
aptos_01649,0,no_diabetic_retinopathy,train_images\aptos_01649.png
aptos_01650,0,no_diabetic_retinopathy,train_images\aptos_01650.png
aptos_01651,3,severe_retinopathy,train_images\aptos_01651.png
aptos_01652,0,no_diabetic_retinopathy,train_images\aptos_01652.png
aptos_01653,0,no_diabetic_retinopathy,train_images\aptos_01653.png
aptos_01654,0,no_diabetic_retinopathy,train_images\aptos_01654.png
aptos_01655,4,proliferative_retinopathy,train_images\aptos_01655.png
aptos_01656,2,moderate_retinopathy,train_images\aptos_01656.png
aptos_01657,0,no_diabetic_retinopathy,train_images\aptos_01657.png
aptos_01658,1,mild_retinopathy,train_images\aptos_01658.png
aptos_01659,2,moderate_retinopathy,train_images\aptos_01659.png
aptos_01660,0,no_diabetic_retinopathy,train_images\aptos_01660.png
aptos_01661,0,no_diabetic_retinopathy,train_images\aptos_01661.png
aptos_01662,0,no_diabetic_retinopathy,train_images\aptos_01662.png
aptos_01663,2,moderate_retinopathy,train_images\aptos_01663.png
aptos_01664,0,no_diabetic_retinopathy,train_images\aptos_01664.png
aptos_01665,0,no_diabetic_retinopathy,train_images\aptos_01665.png
aptos_01666,0,no_diabetic_retinopathy,train_images\aptos_01666.png
aptos_01667,2,moderate_retinopathy,train_images\aptos_01667.png
aptos_01668,3,severe_retinopathy,train_images\aptos_01668.png
aptos_01669,0,no_diabetic_retinopathy,train_images\aptos_01669.png
aptos_01670,0,no_diabetic_retinopathy,train_images\aptos_01670.png
aptos_01671,0,no_diabetic_retinopathy,train_images\aptos_01671.png
aptos_01672,2,moderate_retinopathy,train_images\aptos_01672.png
aptos_01673,0,no_diabetic_retinopathy,train_images\aptos_01673.png
aptos_01674,0,no_diabetic_retinopathy,train_images\aptos_01674.png
aptos_01675,0,no_diabetic_retinopathy,train_images\aptos_01675.png
aptos_01676,1,mild_retinopathy,train_images\aptos_01676.png
aptos_01677,2,moderate_retinopathy,train_images\aptos_01677.png
aptos_01678,0,no_diabetic_retinopathy,train_images\aptos_01678.png
aptos_01679,0,no_diabetic_retinopathy,train_images\aptos_01679.png
aptos_01680,2,moderate_retinopathy,train_images\aptos_01680.png
aptos_01681,0,no_diabetic_retinopathy,train_images\aptos_01681.png
aptos_01682,1,mild_retinopathy,train_images\aptos_01682.png
aptos_01683,0,no_diabetic_retinopathy,train_images\aptos_01683.png
aptos_01684,2,moderate_retinopathy,train_images\aptos_01684.png
aptos_01685,0,no_diabetic_retinopathy,train_images\aptos_01685.png
aptos_01686,2,moderate_retinopathy,train_images\aptos_01686.png
aptos_01687,3,severe_retinopathy,train_images\aptos_01687.png
aptos_01688,2,moderate_retinopathy,train_images\aptos_01688.png
aptos_01689,2,moderate_retinopathy,train_images\aptos_01689.png
aptos_01690,0,no_diabetic_retinopathy,train_images\aptos_01690.png
aptos_01691,1,mild_retinopathy,train_images\aptos_01691.png
aptos_01692,0,no_diabetic_retinopathy,train_images\aptos_01692.png
aptos_01693,0,no_diabetic_retinopathy,train_images\aptos_01693.png
aptos_01694,0,no_diabetic_retinopathy,train_images\aptos_01694.png
aptos_01695,2,moderate_retinopathy,train_images\aptos_01695.png
aptos_01696,0,no_diabetic_retinopathy,train_images\aptos_01696.png
aptos_01697,2,moderate_retinopathy,train_images\aptos_01697.png
aptos_01698,2,moderate_retinopathy,train_images\aptos_01698.png
aptos_01699,0,no_diabetic_retinopathy,train_images\aptos_01699.png
aptos_01700,0,no_diabetic_retinopathy,train_images\aptos_01700.png
aptos_01701,0,no_diabetic_retinopathy,train_images\aptos_01701.png
aptos_01702,0,no_diabetic_retinopathy,train_images\aptos_01702.png
aptos_01703,0,no_diabetic_retinopathy,train_images\aptos_01703.png
aptos_01704,0,no_diabetic_retinopathy,train_images\aptos_01704.png
aptos_01705,4,proliferative_retinopathy,train_images\aptos_01705.png
aptos_01706,2,moderate_retinopathy,train_images\aptos_01706.png
aptos_01707,3,severe_retinopathy,train_images\aptos_01707.png
aptos_01708,0,no_diabetic_retinopathy,train_images\aptos_01708.png
aptos_01709,4,proliferative_retinopathy,train_images\aptos_01709.png
aptos_01710,0,no_diabetic_retinopathy,train_images\aptos_01710.png
aptos_01711,0,no_diabetic_retinopathy,train_images\aptos_01711.png
aptos_01712,2,moderate_retinopathy,train_images\aptos_01712.png
aptos_01713,4,proliferative_retinopathy,train_images\aptos_01713.png
aptos_01714,1,mild_retinopathy,train_images\aptos_01714.png
aptos_01715,2,moderate_retinopathy,train_images\aptos_01715.png
aptos_01716,2,moderate_retinopathy,train_images\aptos_01716.png
aptos_01717,2,moderate_retinopathy,train_images\aptos_01717.png
aptos_01718,0,no_diabetic_retinopathy,train_images\aptos_01718.png
aptos_01719,2,moderate_retinopathy,train_images\aptos_01719.png
aptos_01720,0,no_diabetic_retinopathy,train_images\aptos_01720.png
aptos_01721,2,moderate_retinopathy,train_images\aptos_01721.png
aptos_01722,0,no_diabetic_retinopathy,train_images\aptos_01722.png
aptos_01723,1,mild_retinopathy,train_images\aptos_01723.png
aptos_01724,4,proliferative_retinopathy,train_images\aptos_01724.png
aptos_01725,0,no_diabetic_retinopathy,train_images\aptos_01725.png
aptos_01726,2,moderate_retinopathy,train_images\aptos_01726.png
aptos_01727,0,no_diabetic_retinopathy,train_images\aptos_01727.png
aptos_01728,4,proliferative_retinopathy,train_images\aptos_01728.png
aptos_01729,0,no_diabetic_retinopathy,train_images\aptos_01729.png
aptos_01730,1,mild_retinopathy,train_images\aptos_01730.png
aptos_01731,0,no_diabetic_retinopathy,train_images\aptos_01731.png
aptos_01732,0,no_diabetic_retinopathy,train_images\aptos_01732.png
aptos_01733,0,no_diabetic_retinopathy,train_images\aptos_01733.png
aptos_01734,3,severe_retinopathy,train_images\aptos_01734.png
aptos_01735,0,no_diabetic_retinopathy,train_images\aptos_01735.png
aptos_01736,0,no_diabetic_retinopathy,train_images\aptos_01736.png
aptos_01737,0,no_diabetic_retinopathy,train_images\aptos_01737.png
aptos_01738,0,no_diabetic_retinopathy,train_images\aptos_01738.png
aptos_01739,0,no_diabetic_retinopathy,train_images\aptos_01739.png
aptos_01740,1,mild_retinopathy,train_images\aptos_01740.png
aptos_01741,0,no_diabetic_retinopathy,train_images\aptos_01741.png
aptos_01742,1,mild_retinopathy,train_images\aptos_01742.png
aptos_01743,4,proliferative_retinopathy,train_images\aptos_01743.png
aptos_01744,3,severe_retinopathy,train_images\aptos_01744.png
aptos_01745,3,severe_retinopathy,train_images\aptos_01745.png
aptos_01746,0,no_diabetic_retinopathy,train_images\aptos_01746.png
aptos_01747,0,no_diabetic_retinopathy,train_images\aptos_01747.png
aptos_01748,2,moderate_retinopathy,train_images\aptos_01748.png
aptos_01749,0,no_diabetic_retinopathy,train_images\aptos_01749.png
aptos_01750,0,no_diabetic_retinopathy,train_images\aptos_01750.png
aptos_01751,0,no_diabetic_retinopathy,train_images\aptos_01751.png
aptos_01752,2,moderate_retinopathy,train_images\aptos_01752.png
aptos_01753,4,proliferative_retinopathy,train_images\aptos_01753.png
aptos_01754,2,moderate_retinopathy,train_images\aptos_01754.png
aptos_01755,0,no_diabetic_retinopathy,train_images\aptos_01755.png
aptos_01756,1,mild_retinopathy,train_images\aptos_01756.png
aptos_01757,0,no_diabetic_retinopathy,train_images\aptos_01757.png
aptos_01758,2,moderate_retinopathy,train_images\aptos_01758.png
aptos_01759,0,no_diabetic_retinopathy,train_images\aptos_01759.png
aptos_01760,2,moderate_retinopathy,train_images\aptos_01760.png
aptos_01761,4,proliferative_retinopathy,train_images\aptos_01761.png
aptos_01762,0,no_diabetic_retinopathy,train_images\aptos_01762.png
aptos_01763,4,proliferative_retinopathy,train_images\aptos_01763.png
aptos_01764,4,proliferative_retinopathy,train_images\aptos_01764.png
aptos_01765,1,mild_retinopathy,train_images\aptos_01765.png
aptos_01766,0,no_diabetic_retinopathy,train_images\aptos_01766.png
aptos_01767,0,no_diabetic_retinopathy,train_images\aptos_01767.png
aptos_01768,0,no_diabetic_retinopathy,train_images\aptos_01768.png
aptos_01769,0,no_diabetic_retinopathy,train_images\aptos_01769.png
aptos_01770,2,moderate_retinopathy,train_images\aptos_01770.png
aptos_01771,2,moderate_retinopathy,train_images\aptos_01771.png
aptos_01772,2,moderate_retinopathy,train_images\aptos_01772.png
aptos_01773,2,moderate_retinopathy,train_images\aptos_01773.png
aptos_01774,3,severe_retinopathy,train_images\aptos_01774.png
aptos_01775,0,no_diabetic_retinopathy,train_images\aptos_01775.png
aptos_01776,4,proliferative_retinopathy,train_images\aptos_01776.png
aptos_01777,2,moderate_retinopathy,train_images\aptos_01777.png
aptos_01778,0,no_diabetic_retinopathy,train_images\aptos_01778.png
aptos_01779,0,no_diabetic_retinopathy,train_images\aptos_01779.png
aptos_01780,0,no_diabetic_retinopathy,train_images\aptos_01780.png
aptos_01781,2,moderate_retinopathy,train_images\aptos_01781.png
aptos_01782,4,proliferative_retinopathy,train_images\aptos_01782.png
aptos_01783,3,severe_retinopathy,train_images\aptos_01783.png
aptos_01784,4,proliferative_retinopathy,train_images\aptos_01784.png
aptos_01785,0,no_diabetic_retinopathy,train_images\aptos_01785.png
aptos_01786,2,moderate_retinopathy,train_images\aptos_01786.png
aptos_01787,0,no_diabetic_retinopathy,train_images\aptos_01787.png
aptos_01788,0,no_diabetic_retinopathy,train_images\aptos_01788.png
aptos_01789,0,no_diabetic_retinopathy,train_images\aptos_01789.png
aptos_01790,2,moderate_retinopathy,train_images\aptos_01790.png
aptos_01791,0,no_diabetic_retinopathy,train_images\aptos_01791.png
aptos_01792,1,mild_retinopathy,train_images\aptos_01792.png
aptos_01793,0,no_diabetic_retinopathy,train_images\aptos_01793.png
aptos_01794,2,moderate_retinopathy,train_images\aptos_01794.png
aptos_01795,0,no_diabetic_retinopathy,train_images\aptos_01795.png
aptos_01796,0,no_diabetic_retinopathy,train_images\aptos_01796.png
aptos_01797,0,no_diabetic_retinopathy,train_images\aptos_01797.png
aptos_01798,0,no_diabetic_retinopathy,train_images\aptos_01798.png
aptos_01799,1,mild_retinopathy,train_images\aptos_01799.png
aptos_01800,4,proliferative_retinopathy,train_images\aptos_01800.png
aptos_01801,0,no_diabetic_retinopathy,train_images\aptos_01801.png
aptos_01802,0,no_diabetic_retinopathy,train_images\aptos_01802.png
aptos_01803,0,no_diabetic_retinopathy,train_images\aptos_01803.png
aptos_01804,0,no_diabetic_retinopathy,train_images\aptos_01804.png
aptos_01805,0,no_diabetic_retinopathy,train_images\aptos_01805.png
aptos_01806,0,no_diabetic_retinopathy,train_images\aptos_01806.png
aptos_01807,1,mild_retinopathy,train_images\aptos_01807.png
aptos_01808,0,no_diabetic_retinopathy,train_images\aptos_01808.png
aptos_01809,2,moderate_retinopathy,train_images\aptos_01809.png
aptos_01810,2,moderate_retinopathy,train_images\aptos_01810.png
aptos_01811,0,no_diabetic_retinopathy,train_images\aptos_01811.png
aptos_01812,0,no_diabetic_retinopathy,train_images\aptos_01812.png
aptos_01813,0,no_diabetic_retinopathy,train_images\aptos_01813.png
aptos_01814,2,moderate_retinopathy,train_images\aptos_01814.png
aptos_01815,0,no_diabetic_retinopathy,train_images\aptos_01815.png
aptos_01816,2,moderate_retinopathy,train_images\aptos_01816.png
aptos_01817,2,moderate_retinopathy,train_images\aptos_01817.png
aptos_01818,4,proliferative_retinopathy,train_images\aptos_01818.png
aptos_01819,1,mild_retinopathy,train_images\aptos_01819.png
aptos_01820,0,no_diabetic_retinopathy,train_images\aptos_01820.png
aptos_01821,2,moderate_retinopathy,train_images\aptos_01821.png
aptos_01822,0,no_diabetic_retinopathy,train_images\aptos_01822.png
aptos_01823,3,severe_retinopathy,train_images\aptos_01823.png
aptos_01824,1,mild_retinopathy,train_images\aptos_01824.png
aptos_01825,0,no_diabetic_retinopathy,train_images\aptos_01825.png
aptos_01826,0,no_diabetic_retinopathy,train_images\aptos_01826.png
aptos_01827,3,severe_retinopathy,train_images\aptos_01827.png
aptos_01828,0,no_diabetic_retinopathy,train_images\aptos_01828.png
aptos_01829,0,no_diabetic_retinopathy,train_images\aptos_01829.png
aptos_01830,2,moderate_retinopathy,train_images\aptos_01830.png
aptos_01831,3,severe_retinopathy,train_images\aptos_01831.png
aptos_01832,0,no_diabetic_retinopathy,train_images\aptos_01832.png
aptos_01833,1,mild_retinopathy,train_images\aptos_01833.png
aptos_01834,2,moderate_retinopathy,train_images\aptos_01834.png
aptos_01835,0,no_diabetic_retinopathy,train_images\aptos_01835.png
aptos_01836,0,no_diabetic_retinopathy,train_images\aptos_01836.png
aptos_01837,0,no_diabetic_retinopathy,train_images\aptos_01837.png
aptos_01838,0,no_diabetic_retinopathy,train_images\aptos_01838.png
aptos_01839,0,no_diabetic_retinopathy,train_images\aptos_01839.png
aptos_01840,2,moderate_retinopathy,train_images\aptos_01840.png
aptos_01841,2,moderate_retinopathy,train_images\aptos_01841.png
aptos_01842,0,no_diabetic_retinopathy,train_images\aptos_01842.png
aptos_01843,3,severe_retinopathy,train_images\aptos_01843.png
aptos_01844,0,no_diabetic_retinopathy,train_images\aptos_01844.png
aptos_01845,1,mild_retinopathy,train_images\aptos_01845.png
aptos_01846,0,no_diabetic_retinopathy,train_images\aptos_01846.png
aptos_01847,1,mild_retinopathy,train_images\aptos_01847.png
aptos_01848,2,moderate_retinopathy,train_images\aptos_01848.png
aptos_01849,1,mild_retinopathy,train_images\aptos_01849.png
aptos_01850,4,proliferative_retinopathy,train_images\aptos_01850.png
aptos_01851,0,no_diabetic_retinopathy,train_images\aptos_01851.png
aptos_01852,2,moderate_retinopathy,train_images\aptos_01852.png
aptos_01853,0,no_diabetic_retinopathy,train_images\aptos_01853.png
aptos_01854,2,moderate_retinopathy,train_images\aptos_01854.png
aptos_01855,0,no_diabetic_retinopathy,train_images\aptos_01855.png
aptos_01856,0,no_diabetic_retinopathy,train_images\aptos_01856.png
aptos_01857,0,no_diabetic_retinopathy,train_images\aptos_01857.png
aptos_01858,0,no_diabetic_retinopathy,train_images\aptos_01858.png
aptos_01859,0,no_diabetic_retinopathy,train_images\aptos_01859.png
aptos_01860,0,no_diabetic_retinopathy,train_images\aptos_01860.png
aptos_01861,0,no_diabetic_retinopathy,train_images\aptos_01861.png
aptos_01862,0,no_diabetic_retinopathy,train_images\aptos_01862.png
aptos_01863,4,proliferative_retinopathy,train_images\aptos_01863.png
aptos_01864,0,no_diabetic_retinopathy,train_images\aptos_01864.png
aptos_01865,2,moderate_retinopathy,train_images\aptos_01865.png
aptos_01866,2,moderate_retinopathy,train_images\aptos_01866.png
aptos_01867,0,no_diabetic_retinopathy,train_images\aptos_01867.png
aptos_01868,0,no_diabetic_retinopathy,train_images\aptos_01868.png
aptos_01869,1,mild_retinopathy,train_images\aptos_01869.png
aptos_01870,0,no_diabetic_retinopathy,train_images\aptos_01870.png
aptos_01871,2,moderate_retinopathy,train_images\aptos_01871.png
aptos_01872,0,no_diabetic_retinopathy,train_images\aptos_01872.png
aptos_01873,2,moderate_retinopathy,train_images\aptos_01873.png
aptos_01874,2,moderate_retinopathy,train_images\aptos_01874.png
aptos_01875,0,no_diabetic_retinopathy,train_images\aptos_01875.png
aptos_01876,2,moderate_retinopathy,train_images\aptos_01876.png
aptos_01877,0,no_diabetic_retinopathy,train_images\aptos_01877.png
aptos_01878,0,no_diabetic_retinopathy,train_images\aptos_01878.png
aptos_01879,0,no_diabetic_retinopathy,train_images\aptos_01879.png
aptos_01880,1,mild_retinopathy,train_images\aptos_01880.png
aptos_01881,1,mild_retinopathy,train_images\aptos_01881.png
aptos_01882,0,no_diabetic_retinopathy,train_images\aptos_01882.png
aptos_01883,0,no_diabetic_retinopathy,train_images\aptos_01883.png
aptos_01884,0,no_diabetic_retinopathy,train_images\aptos_01884.png
aptos_01885,0,no_diabetic_retinopathy,train_images\aptos_01885.png
aptos_01886,4,proliferative_retinopathy,train_images\aptos_01886.png
aptos_01887,2,moderate_retinopathy,train_images\aptos_01887.png
aptos_01888,0,no_diabetic_retinopathy,train_images\aptos_01888.png
aptos_01889,2,moderate_retinopathy,train_images\aptos_01889.png
aptos_01890,2,moderate_retinopathy,train_images\aptos_01890.png
aptos_01891,0,no_diabetic_retinopathy,train_images\aptos_01891.png
aptos_01892,2,moderate_retinopathy,train_images\aptos_01892.png
aptos_01893,4,proliferative_retinopathy,train_images\aptos_01893.png
aptos_01894,4,proliferative_retinopathy,train_images\aptos_01894.png
aptos_01895,4,proliferative_retinopathy,train_images\aptos_01895.png
aptos_01896,2,moderate_retinopathy,train_images\aptos_01896.png
aptos_01897,0,no_diabetic_retinopathy,train_images\aptos_01897.png
aptos_01898,2,moderate_retinopathy,train_images\aptos_01898.png
aptos_01899,0,no_diabetic_retinopathy,train_images\aptos_01899.png
aptos_01900,0,no_diabetic_retinopathy,train_images\aptos_01900.png
aptos_01901,0,no_diabetic_retinopathy,train_images\aptos_01901.png
aptos_01902,2,moderate_retinopathy,train_images\aptos_01902.png
aptos_01903,1,mild_retinopathy,train_images\aptos_01903.png
aptos_01904,3,severe_retinopathy,train_images\aptos_01904.png
aptos_01905,0,no_diabetic_retinopathy,train_images\aptos_01905.png
aptos_01906,2,moderate_retinopathy,train_images\aptos_01906.png
aptos_01907,2,moderate_retinopathy,train_images\aptos_01907.png
aptos_01908,2,moderate_retinopathy,train_images\aptos_01908.png
aptos_01909,0,no_diabetic_retinopathy,train_images\aptos_01909.png
aptos_01910,3,severe_retinopathy,train_images\aptos_01910.png
aptos_01911,2,moderate_retinopathy,train_images\aptos_01911.png
aptos_01912,2,moderate_retinopathy,train_images\aptos_01912.png
aptos_01913,0,no_diabetic_retinopathy,train_images\aptos_01913.png
aptos_01914,0,no_diabetic_retinopathy,train_images\aptos_01914.png
aptos_01915,1,mild_retinopathy,train_images\aptos_01915.png
aptos_01916,0,no_diabetic_retinopathy,train_images\aptos_01916.png
aptos_01917,4,proliferative_retinopathy,train_images\aptos_01917.png
aptos_01918,2,moderate_retinopathy,train_images\aptos_01918.png
aptos_01919,0,no_diabetic_retinopathy,train_images\aptos_01919.png
aptos_01920,4,proliferative_retinopathy,train_images\aptos_01920.png
aptos_01921,0,no_diabetic_retinopathy,train_images\aptos_01921.png
aptos_01922,0,no_diabetic_retinopathy,train_images\aptos_01922.png
aptos_01923,2,moderate_retinopathy,train_images\aptos_01923.png
aptos_01924,4,proliferative_retinopathy,train_images\aptos_01924.png
aptos_01925,4,proliferative_retinopathy,train_images\aptos_01925.png
aptos_01926,2,moderate_retinopathy,train_images\aptos_01926.png
aptos_01927,0,no_diabetic_retinopathy,train_images\aptos_01927.png
aptos_01928,2,moderate_retinopathy,train_images\aptos_01928.png
aptos_01929,0,no_diabetic_retinopathy,train_images\aptos_01929.png
aptos_01930,2,moderate_retinopathy,train_images\aptos_01930.png
aptos_01931,0,no_diabetic_retinopathy,train_images\aptos_01931.png
aptos_01932,0,no_diabetic_retinopathy,train_images\aptos_01932.png
aptos_01933,0,no_diabetic_retinopathy,train_images\aptos_01933.png
aptos_01934,0,no_diabetic_retinopathy,train_images\aptos_01934.png
aptos_01935,2,moderate_retinopathy,train_images\aptos_01935.png
aptos_01936,0,no_diabetic_retinopathy,train_images\aptos_01936.png
aptos_01937,0,no_diabetic_retinopathy,train_images\aptos_01937.png
aptos_01938,0,no_diabetic_retinopathy,train_images\aptos_01938.png
aptos_01939,0,no_diabetic_retinopathy,train_images\aptos_01939.png
aptos_01940,2,moderate_retinopathy,train_images\aptos_01940.png
aptos_01941,2,moderate_retinopathy,train_images\aptos_01941.png
aptos_01942,4,proliferative_retinopathy,train_images\aptos_01942.png
aptos_01943,0,no_diabetic_retinopathy,train_images\aptos_01943.png
aptos_01944,0,no_diabetic_retinopathy,train_images\aptos_01944.png
aptos_01945,0,no_diabetic_retinopathy,train_images\aptos_01945.png
aptos_01946,0,no_diabetic_retinopathy,train_images\aptos_01946.png
aptos_01947,2,moderate_retinopathy,train_images\aptos_01947.png
aptos_01948,0,no_diabetic_retinopathy,train_images\aptos_01948.png
aptos_01949,3,severe_retinopathy,train_images\aptos_01949.png
aptos_01950,0,no_diabetic_retinopathy,train_images\aptos_01950.png
aptos_01951,0,no_diabetic_retinopathy,train_images\aptos_01951.png
aptos_01952,0,no_diabetic_retinopathy,train_images\aptos_01952.png
aptos_01953,2,moderate_retinopathy,train_images\aptos_01953.png
aptos_01954,2,moderate_retinopathy,train_images\aptos_01954.png
aptos_01955,2,moderate_retinopathy,train_images\aptos_01955.png
aptos_01956,1,mild_retinopathy,train_images\aptos_01956.png
aptos_01957,1,mild_retinopathy,train_images\aptos_01957.png
aptos_01958,2,moderate_retinopathy,train_images\aptos_01958.png
aptos_01959,2,moderate_retinopathy,train_images\aptos_01959.png
aptos_01960,1,mild_retinopathy,train_images\aptos_01960.png
aptos_01961,3,severe_retinopathy,train_images\aptos_01961.png
aptos_01962,1,mild_retinopathy,train_images\aptos_01962.png
aptos_01963,0,no_diabetic_retinopathy,train_images\aptos_01963.png
aptos_01964,0,no_diabetic_retinopathy,train_images\aptos_01964.png
aptos_01965,2,moderate_retinopathy,train_images\aptos_01965.png
aptos_01966,2,moderate_retinopathy,train_images\aptos_01966.png
aptos_01967,0,no_diabetic_retinopathy,train_images\aptos_01967.png
aptos_01968,0,no_diabetic_retinopathy,train_images\aptos_01968.png
aptos_01969,0,no_diabetic_retinopathy,train_images\aptos_01969.png
aptos_01970,0,no_diabetic_retinopathy,train_images\aptos_01970.png
aptos_01971,3,severe_retinopathy,train_images\aptos_01971.png
aptos_01972,0,no_diabetic_retinopathy,train_images\aptos_01972.png
aptos_01973,2,moderate_retinopathy,train_images\aptos_01973.png
aptos_01974,0,no_diabetic_retinopathy,train_images\aptos_01974.png
aptos_01975,2,moderate_retinopathy,train_images\aptos_01975.png
aptos_01976,4,proliferative_retinopathy,train_images\aptos_01976.png
aptos_01977,0,no_diabetic_retinopathy,train_images\aptos_01977.png
aptos_01978,2,moderate_retinopathy,train_images\aptos_01978.png
aptos_01979,4,proliferative_retinopathy,train_images\aptos_01979.png
aptos_01980,0,no_diabetic_retinopathy,train_images\aptos_01980.png
aptos_01981,4,proliferative_retinopathy,train_images\aptos_01981.png
aptos_01982,0,no_diabetic_retinopathy,train_images\aptos_01982.png
aptos_01983,2,moderate_retinopathy,train_images\aptos_01983.png
aptos_01984,0,no_diabetic_retinopathy,train_images\aptos_01984.png
aptos_01985,0,no_diabetic_retinopathy,train_images\aptos_01985.png
aptos_01986,3,severe_retinopathy,train_images\aptos_01986.png
aptos_01987,0,no_diabetic_retinopathy,train_images\aptos_01987.png
aptos_01988,4,proliferative_retinopathy,train_images\aptos_01988.png
aptos_01989,1,mild_retinopathy,train_images\aptos_01989.png
aptos_01990,1,mild_retinopathy,train_images\aptos_01990.png
aptos_01991,2,moderate_retinopathy,train_images\aptos_01991.png
aptos_01992,0,no_diabetic_retinopathy,train_images\aptos_01992.png
aptos_01993,4,proliferative_retinopathy,train_images\aptos_01993.png
aptos_01994,0,no_diabetic_retinopathy,train_images\aptos_01994.png
aptos_01995,0,no_diabetic_retinopathy,train_images\aptos_01995.png
aptos_01996,3,severe_retinopathy,train_images\aptos_01996.png
aptos_01997,0,no_diabetic_retinopathy,train_images\aptos_01997.png
aptos_01998,1,mild_retinopathy,train_images\aptos_01998.png
aptos_01999,0,no_diabetic_retinopathy,train_images\aptos_01999.png
aptos_02000,4,proliferative_retinopathy,train_images\aptos_02000.png
aptos_02001,0,no_diabetic_retinopathy,train_images\aptos_02001.png
aptos_02002,2,moderate_retinopathy,train_images\aptos_02002.png
aptos_02003,2,moderate_retinopathy,train_images\aptos_02003.png
aptos_02004,2,moderate_retinopathy,train_images\aptos_02004.png
aptos_02005,0,no_diabetic_retinopathy,train_images\aptos_02005.png
aptos_02006,0,no_diabetic_retinopathy,train_images\aptos_02006.png
aptos_02007,2,moderate_retinopathy,train_images\aptos_02007.png
aptos_02008,0,no_diabetic_retinopathy,train_images\aptos_02008.png
aptos_02009,0,no_diabetic_retinopathy,train_images\aptos_02009.png
aptos_02010,2,moderate_retinopathy,train_images\aptos_02010.png
aptos_02011,2,moderate_retinopathy,train_images\aptos_02011.png
aptos_02012,4,proliferative_retinopathy,train_images\aptos_02012.png
aptos_02013,0,no_diabetic_retinopathy,train_images\aptos_02013.png
aptos_02014,0,no_diabetic_retinopathy,train_images\aptos_02014.png
aptos_02015,4,proliferative_retinopathy,train_images\aptos_02015.png
aptos_02016,2,moderate_retinopathy,train_images\aptos_02016.png
aptos_02017,1,mild_retinopathy,train_images\aptos_02017.png
aptos_02018,2,moderate_retinopathy,train_images\aptos_02018.png
aptos_02019,2,moderate_retinopathy,train_images\aptos_02019.png
aptos_02020,2,moderate_retinopathy,train_images\aptos_02020.png
aptos_02021,0,no_diabetic_retinopathy,train_images\aptos_02021.png
aptos_02022,2,moderate_retinopathy,train_images\aptos_02022.png
aptos_02023,0,no_diabetic_retinopathy,train_images\aptos_02023.png
aptos_02024,2,moderate_retinopathy,train_images\aptos_02024.png
aptos_02025,0,no_diabetic_retinopathy,train_images\aptos_02025.png
aptos_02026,0,no_diabetic_retinopathy,train_images\aptos_02026.png
aptos_02027,0,no_diabetic_retinopathy,train_images\aptos_02027.png
aptos_02028,0,no_diabetic_retinopathy,train_images\aptos_02028.png
aptos_02029,0,no_diabetic_retinopathy,train_images\aptos_02029.png
aptos_02030,0,no_diabetic_retinopathy,train_images\aptos_02030.png
aptos_02031,2,moderate_retinopathy,train_images\aptos_02031.png
aptos_02032,0,no_diabetic_retinopathy,train_images\aptos_02032.png
aptos_02033,0,no_diabetic_retinopathy,train_images\aptos_02033.png
aptos_02034,4,proliferative_retinopathy,train_images\aptos_02034.png
aptos_02035,1,mild_retinopathy,train_images\aptos_02035.png
aptos_02036,0,no_diabetic_retinopathy,train_images\aptos_02036.png
aptos_02037,0,no_diabetic_retinopathy,train_images\aptos_02037.png
aptos_02038,0,no_diabetic_retinopathy,train_images\aptos_02038.png
aptos_02039,2,moderate_retinopathy,train_images\aptos_02039.png
aptos_02040,1,mild_retinopathy,train_images\aptos_02040.png
aptos_02041,4,proliferative_retinopathy,train_images\aptos_02041.png
aptos_02042,0,no_diabetic_retinopathy,train_images\aptos_02042.png
aptos_02043,0,no_diabetic_retinopathy,train_images\aptos_02043.png
aptos_02044,1,mild_retinopathy,train_images\aptos_02044.png
aptos_02045,4,proliferative_retinopathy,train_images\aptos_02045.png
aptos_02046,2,moderate_retinopathy,train_images\aptos_02046.png
aptos_02047,1,mild_retinopathy,train_images\aptos_02047.png
aptos_02048,0,no_diabetic_retinopathy,train_images\aptos_02048.png
aptos_02049,0,no_diabetic_retinopathy,train_images\aptos_02049.png
aptos_02050,0,no_diabetic_retinopathy,train_images\aptos_02050.png
aptos_02051,2,moderate_retinopathy,train_images\aptos_02051.png
aptos_02052,0,no_diabetic_retinopathy,train_images\aptos_02052.png
aptos_02053,2,moderate_retinopathy,train_images\aptos_02053.png
aptos_02054,0,no_diabetic_retinopathy,train_images\aptos_02054.png
aptos_02055,4,proliferative_retinopathy,train_images\aptos_02055.png
aptos_02056,0,no_diabetic_retinopathy,train_images\aptos_02056.png
aptos_02057,2,moderate_retinopathy,train_images\aptos_02057.png
aptos_02058,0,no_diabetic_retinopathy,train_images\aptos_02058.png
aptos_02059,0,no_diabetic_retinopathy,train_images\aptos_02059.png
aptos_02060,0,no_diabetic_retinopathy,train_images\aptos_02060.png
aptos_02061,0,no_diabetic_retinopathy,train_images\aptos_02061.png
aptos_02062,3,severe_retinopathy,train_images\aptos_02062.png
aptos_02063,0,no_diabetic_retinopathy,train_images\aptos_02063.png
aptos_02064,1,mild_retinopathy,train_images\aptos_02064.png
aptos_02065,3,severe_retinopathy,train_images\aptos_02065.png
aptos_02066,0,no_diabetic_retinopathy,train_images\aptos_02066.png
aptos_02067,0,no_diabetic_retinopathy,train_images\aptos_02067.png
aptos_02068,3,severe_retinopathy,train_images\aptos_02068.png
aptos_02069,2,moderate_retinopathy,train_images\aptos_02069.png
aptos_02070,0,no_diabetic_retinopathy,train_images\aptos_02070.png
aptos_02071,3,severe_retinopathy,train_images\aptos_02071.png
aptos_02072,2,moderate_retinopathy,train_images\aptos_02072.png
aptos_02073,2,moderate_retinopathy,train_images\aptos_02073.png
aptos_02074,3,severe_retinopathy,train_images\aptos_02074.png
aptos_02075,0,no_diabetic_retinopathy,train_images\aptos_02075.png
aptos_02076,2,moderate_retinopathy,train_images\aptos_02076.png
aptos_02077,3,severe_retinopathy,train_images\aptos_02077.png
aptos_02078,2,moderate_retinopathy,train_images\aptos_02078.png
aptos_02079,0,no_diabetic_retinopathy,train_images\aptos_02079.png
aptos_02080,2,moderate_retinopathy,train_images\aptos_02080.png
aptos_02081,0,no_diabetic_retinopathy,train_images\aptos_02081.png
aptos_02082,2,moderate_retinopathy,train_images\aptos_02082.png
aptos_02083,0,no_diabetic_retinopathy,train_images\aptos_02083.png
aptos_02084,0,no_diabetic_retinopathy,train_images\aptos_02084.png
aptos_02085,0,no_diabetic_retinopathy,train_images\aptos_02085.png
aptos_02086,0,no_diabetic_retinopathy,train_images\aptos_02086.png
aptos_02087,0,no_diabetic_retinopathy,train_images\aptos_02087.png
aptos_02088,0,no_diabetic_retinopathy,train_images\aptos_02088.png
aptos_02089,2,moderate_retinopathy,train_images\aptos_02089.png
aptos_02090,2,moderate_retinopathy,train_images\aptos_02090.png
aptos_02091,2,moderate_retinopathy,train_images\aptos_02091.png
aptos_02092,1,mild_retinopathy,train_images\aptos_02092.png
aptos_02093,0,no_diabetic_retinopathy,train_images\aptos_02093.png
aptos_02094,2,moderate_retinopathy,train_images\aptos_02094.png
aptos_02095,0,no_diabetic_retinopathy,train_images\aptos_02095.png
aptos_02096,0,no_diabetic_retinopathy,train_images\aptos_02096.png
aptos_02097,2,moderate_retinopathy,train_images\aptos_02097.png
aptos_02098,0,no_diabetic_retinopathy,train_images\aptos_02098.png
aptos_02099,0,no_diabetic_retinopathy,train_images\aptos_02099.png
aptos_02100,0,no_diabetic_retinopathy,train_images\aptos_02100.png
aptos_02101,0,no_diabetic_retinopathy,train_images\aptos_02101.png
aptos_02102,0,no_diabetic_retinopathy,train_images\aptos_02102.png
aptos_02103,0,no_diabetic_retinopathy,train_images\aptos_02103.png
aptos_02104,1,mild_retinopathy,train_images\aptos_02104.png
aptos_02105,0,no_diabetic_retinopathy,train_images\aptos_02105.png
aptos_02106,0,no_diabetic_retinopathy,train_images\aptos_02106.png
aptos_02107,1,mild_retinopathy,train_images\aptos_02107.png
aptos_02108,0,no_diabetic_retinopathy,train_images\aptos_02108.png
aptos_02109,0,no_diabetic_retinopathy,train_images\aptos_02109.png
aptos_02110,0,no_diabetic_retinopathy,train_images\aptos_02110.png
aptos_02111,1,mild_retinopathy,train_images\aptos_02111.png
aptos_02112,1,mild_retinopathy,train_images\aptos_02112.png
aptos_02113,0,no_diabetic_retinopathy,train_images\aptos_02113.png
aptos_02114,0,no_diabetic_retinopathy,train_images\aptos_02114.png
aptos_02115,2,moderate_retinopathy,train_images\aptos_02115.png
aptos_02116,1,mild_retinopathy,train_images\aptos_02116.png
aptos_02117,0,no_diabetic_retinopathy,train_images\aptos_02117.png
aptos_02118,2,moderate_retinopathy,train_images\aptos_02118.png
aptos_02119,4,proliferative_retinopathy,train_images\aptos_02119.png
aptos_02120,0,no_diabetic_retinopathy,train_images\aptos_02120.png
aptos_02121,0,no_diabetic_retinopathy,train_images\aptos_02121.png
aptos_02122,0,no_diabetic_retinopathy,train_images\aptos_02122.png
aptos_02123,2,moderate_retinopathy,train_images\aptos_02123.png
aptos_02124,0,no_diabetic_retinopathy,train_images\aptos_02124.png
aptos_02125,0,no_diabetic_retinopathy,train_images\aptos_02125.png
aptos_02126,2,moderate_retinopathy,train_images\aptos_02126.png
aptos_02127,1,mild_retinopathy,train_images\aptos_02127.png
aptos_02128,4,proliferative_retinopathy,train_images\aptos_02128.png
aptos_02129,0,no_diabetic_retinopathy,train_images\aptos_02129.png
aptos_02130,2,moderate_retinopathy,train_images\aptos_02130.png
aptos_02131,0,no_diabetic_retinopathy,train_images\aptos_02131.png
aptos_02132,0,no_diabetic_retinopathy,train_images\aptos_02132.png
aptos_02133,0,no_diabetic_retinopathy,train_images\aptos_02133.png
aptos_02134,0,no_diabetic_retinopathy,train_images\aptos_02134.png
aptos_02135,1,mild_retinopathy,train_images\aptos_02135.png
aptos_02136,0,no_diabetic_retinopathy,train_images\aptos_02136.png
aptos_02137,2,moderate_retinopathy,train_images\aptos_02137.png
aptos_02138,0,no_diabetic_retinopathy,train_images\aptos_02138.png
aptos_02139,0,no_diabetic_retinopathy,train_images\aptos_02139.png
aptos_02140,2,moderate_retinopathy,train_images\aptos_02140.png
aptos_02141,0,no_diabetic_retinopathy,train_images\aptos_02141.png
aptos_02142,0,no_diabetic_retinopathy,train_images\aptos_02142.png
aptos_02143,0,no_diabetic_retinopathy,train_images\aptos_02143.png
aptos_02144,0,no_diabetic_retinopathy,train_images\aptos_02144.png
aptos_02145,2,moderate_retinopathy,train_images\aptos_02145.png
aptos_02146,0,no_diabetic_retinopathy,train_images\aptos_02146.png
aptos_02147,1,mild_retinopathy,train_images\aptos_02147.png
aptos_02148,1,mild_retinopathy,train_images\aptos_02148.png
aptos_02149,2,moderate_retinopathy,train_images\aptos_02149.png
aptos_02150,0,no_diabetic_retinopathy,train_images\aptos_02150.png
aptos_02151,2,moderate_retinopathy,train_images\aptos_02151.png
aptos_02152,2,moderate_retinopathy,train_images\aptos_02152.png
aptos_02153,0,no_diabetic_retinopathy,train_images\aptos_02153.png
aptos_02154,0,no_diabetic_retinopathy,train_images\aptos_02154.png
aptos_02155,4,proliferative_retinopathy,train_images\aptos_02155.png
aptos_02156,0,no_diabetic_retinopathy,train_images\aptos_02156.png
aptos_02157,0,no_diabetic_retinopathy,train_images\aptos_02157.png
aptos_02158,2,moderate_retinopathy,train_images\aptos_02158.png
aptos_02159,0,no_diabetic_retinopathy,train_images\aptos_02159.png
aptos_02160,2,moderate_retinopathy,train_images\aptos_02160.png
aptos_02161,0,no_diabetic_retinopathy,train_images\aptos_02161.png
aptos_02162,0,no_diabetic_retinopathy,train_images\aptos_02162.png
aptos_02163,0,no_diabetic_retinopathy,train_images\aptos_02163.png
aptos_02164,4,proliferative_retinopathy,train_images\aptos_02164.png
aptos_02165,0,no_diabetic_retinopathy,train_images\aptos_02165.png
aptos_02166,3,severe_retinopathy,train_images\aptos_02166.png
aptos_02167,0,no_diabetic_retinopathy,train_images\aptos_02167.png
aptos_02168,0,no_diabetic_retinopathy,train_images\aptos_02168.png
aptos_02169,2,moderate_retinopathy,train_images\aptos_02169.png
aptos_02170,2,moderate_retinopathy,train_images\aptos_02170.png
aptos_02171,2,moderate_retinopathy,train_images\aptos_02171.png
aptos_02172,1,mild_retinopathy,train_images\aptos_02172.png
aptos_02173,2,moderate_retinopathy,train_images\aptos_02173.png
aptos_02174,0,no_diabetic_retinopathy,train_images\aptos_02174.png
aptos_02175,1,mild_retinopathy,train_images\aptos_02175.png
aptos_02176,0,no_diabetic_retinopathy,train_images\aptos_02176.png
aptos_02177,0,no_diabetic_retinopathy,train_images\aptos_02177.png
aptos_02178,0,no_diabetic_retinopathy,train_images\aptos_02178.png
aptos_02179,0,no_diabetic_retinopathy,train_images\aptos_02179.png
aptos_02180,3,severe_retinopathy,train_images\aptos_02180.png
aptos_02181,0,no_diabetic_retinopathy,train_images\aptos_02181.png
aptos_02182,0,no_diabetic_retinopathy,train_images\aptos_02182.png
aptos_02183,2,moderate_retinopathy,train_images\aptos_02183.png
aptos_02184,0,no_diabetic_retinopathy,train_images\aptos_02184.png
aptos_02185,0,no_diabetic_retinopathy,train_images\aptos_02185.png
aptos_02186,0,no_diabetic_retinopathy,train_images\aptos_02186.png
aptos_02187,2,moderate_retinopathy,train_images\aptos_02187.png
aptos_02188,1,mild_retinopathy,train_images\aptos_02188.png
aptos_02189,0,no_diabetic_retinopathy,train_images\aptos_02189.png
aptos_02190,0,no_diabetic_retinopathy,train_images\aptos_02190.png
aptos_02191,2,moderate_retinopathy,train_images\aptos_02191.png
aptos_02192,1,mild_retinopathy,train_images\aptos_02192.png
aptos_02193,0,no_diabetic_retinopathy,train_images\aptos_02193.png
aptos_02194,2,moderate_retinopathy,train_images\aptos_02194.png
aptos_02195,4,proliferative_retinopathy,train_images\aptos_02195.png
aptos_02196,2,moderate_retinopathy,train_images\aptos_02196.png
aptos_02197,0,no_diabetic_retinopathy,train_images\aptos_02197.png
aptos_02198,2,moderate_retinopathy,train_images\aptos_02198.png
aptos_02199,2,moderate_retinopathy,train_images\aptos_02199.png
aptos_02200,3,severe_retinopathy,train_images\aptos_02200.png
aptos_02201,2,moderate_retinopathy,train_images\aptos_02201.png
aptos_02202,0,no_diabetic_retinopathy,train_images\aptos_02202.png
aptos_02203,0,no_diabetic_retinopathy,train_images\aptos_02203.png
aptos_02204,0,no_diabetic_retinopathy,train_images\aptos_02204.png
aptos_02205,2,moderate_retinopathy,train_images\aptos_02205.png
aptos_02206,0,no_diabetic_retinopathy,train_images\aptos_02206.png
aptos_02207,3,severe_retinopathy,train_images\aptos_02207.png
aptos_02208,2,moderate_retinopathy,train_images\aptos_02208.png
aptos_02209,2,moderate_retinopathy,train_images\aptos_02209.png
aptos_02210,2,moderate_retinopathy,train_images\aptos_02210.png
aptos_02211,0,no_diabetic_retinopathy,train_images\aptos_02211.png
aptos_02212,0,no_diabetic_retinopathy,train_images\aptos_02212.png
aptos_02213,0,no_diabetic_retinopathy,train_images\aptos_02213.png
aptos_02214,2,moderate_retinopathy,train_images\aptos_02214.png
aptos_02215,2,moderate_retinopathy,train_images\aptos_02215.png
aptos_02216,0,no_diabetic_retinopathy,train_images\aptos_02216.png
aptos_02217,3,severe_retinopathy,train_images\aptos_02217.png
aptos_02218,0,no_diabetic_retinopathy,train_images\aptos_02218.png
aptos_02219,0,no_diabetic_retinopathy,train_images\aptos_02219.png
aptos_02220,0,no_diabetic_retinopathy,train_images\aptos_02220.png
aptos_02221,0,no_diabetic_retinopathy,train_images\aptos_02221.png
aptos_02222,3,severe_retinopathy,train_images\aptos_02222.png
aptos_02223,2,moderate_retinopathy,train_images\aptos_02223.png
aptos_02224,0,no_diabetic_retinopathy,train_images\aptos_02224.png
aptos_02225,0,no_diabetic_retinopathy,train_images\aptos_02225.png
aptos_02226,3,severe_retinopathy,train_images\aptos_02226.png
aptos_02227,2,moderate_retinopathy,train_images\aptos_02227.png
aptos_02228,0,no_diabetic_retinopathy,train_images\aptos_02228.png
aptos_02229,4,proliferative_retinopathy,train_images\aptos_02229.png
aptos_02230,0,no_diabetic_retinopathy,train_images\aptos_02230.png
aptos_02231,4,proliferative_retinopathy,train_images\aptos_02231.png
aptos_02232,0,no_diabetic_retinopathy,train_images\aptos_02232.png
aptos_02233,2,moderate_retinopathy,train_images\aptos_02233.png
aptos_02234,0,no_diabetic_retinopathy,train_images\aptos_02234.png
aptos_02235,0,no_diabetic_retinopathy,train_images\aptos_02235.png
aptos_02236,0,no_diabetic_retinopathy,train_images\aptos_02236.png
aptos_02237,2,moderate_retinopathy,train_images\aptos_02237.png
aptos_02238,0,no_diabetic_retinopathy,train_images\aptos_02238.png
aptos_02239,2,moderate_retinopathy,train_images\aptos_02239.png
aptos_02240,2,moderate_retinopathy,train_images\aptos_02240.png
aptos_02241,2,moderate_retinopathy,train_images\aptos_02241.png
aptos_02242,2,moderate_retinopathy,train_images\aptos_02242.png
aptos_02243,0,no_diabetic_retinopathy,train_images\aptos_02243.png
aptos_02244,2,moderate_retinopathy,train_images\aptos_02244.png
aptos_02245,0,no_diabetic_retinopathy,train_images\aptos_02245.png
aptos_02246,0,no_diabetic_retinopathy,train_images\aptos_02246.png
aptos_02247,0,no_diabetic_retinopathy,train_images\aptos_02247.png
aptos_02248,4,proliferative_retinopathy,train_images\aptos_02248.png
aptos_02249,0,no_diabetic_retinopathy,train_images\aptos_02249.png
aptos_02250,2,moderate_retinopathy,train_images\aptos_02250.png
aptos_02251,0,no_diabetic_retinopathy,train_images\aptos_02251.png
aptos_02252,0,no_diabetic_retinopathy,train_images\aptos_02252.png
aptos_02253,2,moderate_retinopathy,train_images\aptos_02253.png
aptos_02254,1,mild_retinopathy,train_images\aptos_02254.png
aptos_02255,1,mild_retinopathy,train_images\aptos_02255.png
aptos_02256,0,no_diabetic_retinopathy,train_images\aptos_02256.png
aptos_02257,0,no_diabetic_retinopathy,train_images\aptos_02257.png
aptos_02258,2,moderate_retinopathy,train_images\aptos_02258.png
aptos_02259,0,no_diabetic_retinopathy,train_images\aptos_02259.png
aptos_02260,3,severe_retinopathy,train_images\aptos_02260.png
aptos_02261,2,moderate_retinopathy,train_images\aptos_02261.png
aptos_02262,2,moderate_retinopathy,train_images\aptos_02262.png
aptos_02263,2,moderate_retinopathy,train_images\aptos_02263.png
aptos_02264,0,no_diabetic_retinopathy,train_images\aptos_02264.png
aptos_02265,0,no_diabetic_retinopathy,train_images\aptos_02265.png
aptos_02266,0,no_diabetic_retinopathy,train_images\aptos_02266.png
aptos_02267,2,moderate_retinopathy,train_images\aptos_02267.png
aptos_02268,4,proliferative_retinopathy,train_images\aptos_02268.png
aptos_02269,3,severe_retinopathy,train_images\aptos_02269.png
aptos_02270,1,mild_retinopathy,train_images\aptos_02270.png
aptos_02271,1,mild_retinopathy,train_images\aptos_02271.png
aptos_02272,2,moderate_retinopathy,train_images\aptos_02272.png
aptos_02273,2,moderate_retinopathy,train_images\aptos_02273.png
aptos_02274,2,moderate_retinopathy,train_images\aptos_02274.png
aptos_02275,0,no_diabetic_retinopathy,train_images\aptos_02275.png
aptos_02276,0,no_diabetic_retinopathy,train_images\aptos_02276.png
aptos_02277,2,moderate_retinopathy,train_images\aptos_02277.png
aptos_02278,0,no_diabetic_retinopathy,train_images\aptos_02278.png
aptos_02279,0,no_diabetic_retinopathy,train_images\aptos_02279.png
aptos_02280,2,moderate_retinopathy,train_images\aptos_02280.png
aptos_02281,0,no_diabetic_retinopathy,train_images\aptos_02281.png
aptos_02282,0,no_diabetic_retinopathy,train_images\aptos_02282.png
aptos_02283,0,no_diabetic_retinopathy,train_images\aptos_02283.png
aptos_02284,0,no_diabetic_retinopathy,train_images\aptos_02284.png
aptos_02285,0,no_diabetic_retinopathy,train_images\aptos_02285.png
aptos_02286,2,moderate_retinopathy,train_images\aptos_02286.png
aptos_02287,0,no_diabetic_retinopathy,train_images\aptos_02287.png
aptos_02288,0,no_diabetic_retinopathy,train_images\aptos_02288.png
aptos_02289,4,proliferative_retinopathy,train_images\aptos_02289.png
aptos_02290,2,moderate_retinopathy,train_images\aptos_02290.png
aptos_02291,0,no_diabetic_retinopathy,train_images\aptos_02291.png
aptos_02292,0,no_diabetic_retinopathy,train_images\aptos_02292.png
aptos_02293,4,proliferative_retinopathy,train_images\aptos_02293.png
aptos_02294,0,no_diabetic_retinopathy,train_images\aptos_02294.png
aptos_02295,2,moderate_retinopathy,train_images\aptos_02295.png
aptos_02296,0,no_diabetic_retinopathy,train_images\aptos_02296.png
aptos_02297,3,severe_retinopathy,train_images\aptos_02297.png
aptos_02298,3,severe_retinopathy,train_images\aptos_02298.png
aptos_02299,2,moderate_retinopathy,train_images\aptos_02299.png
aptos_02300,2,moderate_retinopathy,train_images\aptos_02300.png
aptos_02301,2,moderate_retinopathy,train_images\aptos_02301.png
aptos_02302,2,moderate_retinopathy,train_images\aptos_02302.png
aptos_02303,0,no_diabetic_retinopathy,train_images\aptos_02303.png
aptos_02304,4,proliferative_retinopathy,train_images\aptos_02304.png
aptos_02305,0,no_diabetic_retinopathy,train_images\aptos_02305.png
aptos_02306,0,no_diabetic_retinopathy,train_images\aptos_02306.png
aptos_02307,2,moderate_retinopathy,train_images\aptos_02307.png
aptos_02308,1,mild_retinopathy,train_images\aptos_02308.png
aptos_02309,2,moderate_retinopathy,train_images\aptos_02309.png
aptos_02310,0,no_diabetic_retinopathy,train_images\aptos_02310.png
aptos_02311,0,no_diabetic_retinopathy,train_images\aptos_02311.png
aptos_02312,0,no_diabetic_retinopathy,train_images\aptos_02312.png
aptos_02313,0,no_diabetic_retinopathy,train_images\aptos_02313.png
aptos_02314,0,no_diabetic_retinopathy,train_images\aptos_02314.png
aptos_02315,0,no_diabetic_retinopathy,train_images\aptos_02315.png
aptos_02316,2,moderate_retinopathy,train_images\aptos_02316.png
aptos_02317,0,no_diabetic_retinopathy,train_images\aptos_02317.png
aptos_02318,1,mild_retinopathy,train_images\aptos_02318.png
aptos_02319,0,no_diabetic_retinopathy,train_images\aptos_02319.png
aptos_02320,0,no_diabetic_retinopathy,train_images\aptos_02320.png
aptos_02321,1,mild_retinopathy,train_images\aptos_02321.png
aptos_02322,2,moderate_retinopathy,train_images\aptos_02322.png
aptos_02323,0,no_diabetic_retinopathy,train_images\aptos_02323.png
aptos_02324,0,no_diabetic_retinopathy,train_images\aptos_02324.png
aptos_02325,2,moderate_retinopathy,train_images\aptos_02325.png
aptos_02326,4,proliferative_retinopathy,train_images\aptos_02326.png
aptos_02327,0,no_diabetic_retinopathy,train_images\aptos_02327.png
aptos_02328,0,no_diabetic_retinopathy,train_images\aptos_02328.png
aptos_02329,0,no_diabetic_retinopathy,train_images\aptos_02329.png
aptos_02330,1,mild_retinopathy,train_images\aptos_02330.png
aptos_02331,4,proliferative_retinopathy,train_images\aptos_02331.png
aptos_02332,2,moderate_retinopathy,train_images\aptos_02332.png
aptos_02333,0,no_diabetic_retinopathy,train_images\aptos_02333.png
aptos_02334,2,moderate_retinopathy,train_images\aptos_02334.png
aptos_02335,2,moderate_retinopathy,train_images\aptos_02335.png
aptos_02336,0,no_diabetic_retinopathy,train_images\aptos_02336.png
aptos_02337,2,moderate_retinopathy,train_images\aptos_02337.png
aptos_02338,2,moderate_retinopathy,train_images\aptos_02338.png
aptos_02339,1,mild_retinopathy,train_images\aptos_02339.png
aptos_02340,2,moderate_retinopathy,train_images\aptos_02340.png
aptos_02341,0,no_diabetic_retinopathy,train_images\aptos_02341.png
aptos_02342,1,mild_retinopathy,train_images\aptos_02342.png
aptos_02343,4,proliferative_retinopathy,train_images\aptos_02343.png
aptos_02344,0,no_diabetic_retinopathy,train_images\aptos_02344.png
aptos_02345,0,no_diabetic_retinopathy,train_images\aptos_02345.png
aptos_02346,2,moderate_retinopathy,train_images\aptos_02346.png
aptos_02347,0,no_diabetic_retinopathy,train_images\aptos_02347.png
aptos_02348,1,mild_retinopathy,train_images\aptos_02348.png
aptos_02349,0,no_diabetic_retinopathy,train_images\aptos_02349.png
aptos_02350,2,moderate_retinopathy,train_images\aptos_02350.png
aptos_02351,1,mild_retinopathy,train_images\aptos_02351.png
aptos_02352,2,moderate_retinopathy,train_images\aptos_02352.png
aptos_02353,2,moderate_retinopathy,train_images\aptos_02353.png
aptos_02354,0,no_diabetic_retinopathy,train_images\aptos_02354.png
aptos_02355,2,moderate_retinopathy,train_images\aptos_02355.png
aptos_02356,3,severe_retinopathy,train_images\aptos_02356.png
aptos_02357,2,moderate_retinopathy,train_images\aptos_02357.png
aptos_02358,3,severe_retinopathy,train_images\aptos_02358.png
aptos_02359,0,no_diabetic_retinopathy,train_images\aptos_02359.png
aptos_02360,2,moderate_retinopathy,train_images\aptos_02360.png
aptos_02361,0,no_diabetic_retinopathy,train_images\aptos_02361.png
aptos_02362,0,no_diabetic_retinopathy,train_images\aptos_02362.png
aptos_02363,2,moderate_retinopathy,train_images\aptos_02363.png
aptos_02364,2,moderate_retinopathy,train_images\aptos_02364.png
aptos_02365,1,mild_retinopathy,train_images\aptos_02365.png
aptos_02366,0,no_diabetic_retinopathy,train_images\aptos_02366.png
aptos_02367,4,proliferative_retinopathy,train_images\aptos_02367.png
aptos_02368,0,no_diabetic_retinopathy,train_images\aptos_02368.png
aptos_02369,0,no_diabetic_retinopathy,train_images\aptos_02369.png
aptos_02370,0,no_diabetic_retinopathy,train_images\aptos_02370.png
aptos_02371,2,moderate_retinopathy,train_images\aptos_02371.png
aptos_02372,0,no_diabetic_retinopathy,train_images\aptos_02372.png
aptos_02373,2,moderate_retinopathy,train_images\aptos_02373.png
aptos_02374,0,no_diabetic_retinopathy,train_images\aptos_02374.png
aptos_02375,0,no_diabetic_retinopathy,train_images\aptos_02375.png
aptos_02376,2,moderate_retinopathy,train_images\aptos_02376.png
aptos_02377,2,moderate_retinopathy,train_images\aptos_02377.png
aptos_02378,0,no_diabetic_retinopathy,train_images\aptos_02378.png
aptos_02379,0,no_diabetic_retinopathy,train_images\aptos_02379.png
aptos_02380,2,moderate_retinopathy,train_images\aptos_02380.png
aptos_02381,0,no_diabetic_retinopathy,train_images\aptos_02381.png
aptos_02382,2,moderate_retinopathy,train_images\aptos_02382.png
aptos_02383,4,proliferative_retinopathy,train_images\aptos_02383.png
aptos_02384,0,no_diabetic_retinopathy,train_images\aptos_02384.png
aptos_02385,2,moderate_retinopathy,train_images\aptos_02385.png
aptos_02386,0,no_diabetic_retinopathy,train_images\aptos_02386.png
aptos_02387,0,no_diabetic_retinopathy,train_images\aptos_02387.png
aptos_02388,1,mild_retinopathy,train_images\aptos_02388.png
aptos_02389,0,no_diabetic_retinopathy,train_images\aptos_02389.png
aptos_02390,3,severe_retinopathy,train_images\aptos_02390.png
aptos_02391,0,no_diabetic_retinopathy,train_images\aptos_02391.png
aptos_02392,4,proliferative_retinopathy,train_images\aptos_02392.png
aptos_02393,1,mild_retinopathy,train_images\aptos_02393.png
aptos_02394,0,no_diabetic_retinopathy,train_images\aptos_02394.png
aptos_02395,2,moderate_retinopathy,train_images\aptos_02395.png
aptos_02396,0,no_diabetic_retinopathy,train_images\aptos_02396.png
aptos_02397,2,moderate_retinopathy,train_images\aptos_02397.png
aptos_02398,2,moderate_retinopathy,train_images\aptos_02398.png
aptos_02399,0,no_diabetic_retinopathy,train_images\aptos_02399.png
aptos_02400,1,mild_retinopathy,train_images\aptos_02400.png
aptos_02401,2,moderate_retinopathy,train_images\aptos_02401.png
aptos_02402,3,severe_retinopathy,train_images\aptos_02402.png
aptos_02403,4,proliferative_retinopathy,train_images\aptos_02403.png
aptos_02404,0,no_diabetic_retinopathy,train_images\aptos_02404.png
aptos_02405,0,no_diabetic_retinopathy,train_images\aptos_02405.png
aptos_02406,0,no_diabetic_retinopathy,train_images\aptos_02406.png
aptos_02407,1,mild_retinopathy,train_images\aptos_02407.png
aptos_02408,0,no_diabetic_retinopathy,train_images\aptos_02408.png
aptos_02409,0,no_diabetic_retinopathy,train_images\aptos_02409.png
aptos_02410,2,moderate_retinopathy,train_images\aptos_02410.png
aptos_02411,2,moderate_retinopathy,train_images\aptos_02411.png
aptos_02412,2,moderate_retinopathy,train_images\aptos_02412.png
aptos_02413,2,moderate_retinopathy,train_images\aptos_02413.png
aptos_02414,0,no_diabetic_retinopathy,train_images\aptos_02414.png
aptos_02415,0,no_diabetic_retinopathy,train_images\aptos_02415.png
aptos_02416,2,moderate_retinopathy,train_images\aptos_02416.png
aptos_02417,0,no_diabetic_retinopathy,train_images\aptos_02417.png
aptos_02418,0,no_diabetic_retinopathy,train_images\aptos_02418.png
aptos_02419,0,no_diabetic_retinopathy,train_images\aptos_02419.png
aptos_02420,0,no_diabetic_retinopathy,train_images\aptos_02420.png
aptos_02421,1,mild_retinopathy,train_images\aptos_02421.png
aptos_02422,1,mild_retinopathy,train_images\aptos_02422.png
aptos_02423,0,no_diabetic_retinopathy,train_images\aptos_02423.png
aptos_02424,0,no_diabetic_retinopathy,train_images\aptos_02424.png
aptos_02425,2,moderate_retinopathy,train_images\aptos_02425.png
aptos_02426,3,severe_retinopathy,train_images\aptos_02426.png
aptos_02427,2,moderate_retinopathy,train_images\aptos_02427.png
aptos_02428,2,moderate_retinopathy,train_images\aptos_02428.png
aptos_02429,0,no_diabetic_retinopathy,train_images\aptos_02429.png
aptos_02430,1,mild_retinopathy,train_images\aptos_02430.png
aptos_02431,0,no_diabetic_retinopathy,train_images\aptos_02431.png
aptos_02432,0,no_diabetic_retinopathy,train_images\aptos_02432.png
aptos_02433,0,no_diabetic_retinopathy,train_images\aptos_02433.png
aptos_02434,0,no_diabetic_retinopathy,train_images\aptos_02434.png
aptos_02435,2,moderate_retinopathy,train_images\aptos_02435.png
aptos_02436,0,no_diabetic_retinopathy,train_images\aptos_02436.png
aptos_02437,0,no_diabetic_retinopathy,train_images\aptos_02437.png
aptos_02438,0,no_diabetic_retinopathy,train_images\aptos_02438.png
aptos_02439,2,moderate_retinopathy,train_images\aptos_02439.png
aptos_02440,2,moderate_retinopathy,train_images\aptos_02440.png
aptos_02441,0,no_diabetic_retinopathy,train_images\aptos_02441.png
aptos_02442,0,no_diabetic_retinopathy,train_images\aptos_02442.png
aptos_02443,3,severe_retinopathy,train_images\aptos_02443.png
aptos_02444,2,moderate_retinopathy,train_images\aptos_02444.png
aptos_02445,0,no_diabetic_retinopathy,train_images\aptos_02445.png
aptos_02446,2,moderate_retinopathy,train_images\aptos_02446.png
aptos_02447,0,no_diabetic_retinopathy,train_images\aptos_02447.png
aptos_02448,2,moderate_retinopathy,train_images\aptos_02448.png
aptos_02449,0,no_diabetic_retinopathy,train_images\aptos_02449.png
aptos_02450,0,no_diabetic_retinopathy,train_images\aptos_02450.png
aptos_02451,4,proliferative_retinopathy,train_images\aptos_02451.png
aptos_02452,2,moderate_retinopathy,train_images\aptos_02452.png
aptos_02453,0,no_diabetic_retinopathy,train_images\aptos_02453.png
aptos_02454,0,no_diabetic_retinopathy,train_images\aptos_02454.png
aptos_02455,2,moderate_retinopathy,train_images\aptos_02455.png
aptos_02456,2,moderate_retinopathy,train_images\aptos_02456.png
aptos_02457,0,no_diabetic_retinopathy,train_images\aptos_02457.png
aptos_02458,0,no_diabetic_retinopathy,train_images\aptos_02458.png
aptos_02459,2,moderate_retinopathy,train_images\aptos_02459.png
aptos_02460,3,severe_retinopathy,train_images\aptos_02460.png
aptos_02461,0,no_diabetic_retinopathy,train_images\aptos_02461.png
aptos_02462,0,no_diabetic_retinopathy,train_images\aptos_02462.png
aptos_02463,0,no_diabetic_retinopathy,train_images\aptos_02463.png
aptos_02464,4,proliferative_retinopathy,train_images\aptos_02464.png
aptos_02465,0,no_diabetic_retinopathy,train_images\aptos_02465.png
aptos_02466,0,no_diabetic_retinopathy,train_images\aptos_02466.png
aptos_02467,2,moderate_retinopathy,train_images\aptos_02467.png
aptos_02468,0,no_diabetic_retinopathy,train_images\aptos_02468.png
aptos_02469,0,no_diabetic_retinopathy,train_images\aptos_02469.png
aptos_02470,0,no_diabetic_retinopathy,train_images\aptos_02470.png
aptos_02471,0,no_diabetic_retinopathy,train_images\aptos_02471.png
aptos_02472,0,no_diabetic_retinopathy,train_images\aptos_02472.png
aptos_02473,0,no_diabetic_retinopathy,train_images\aptos_02473.png
aptos_02474,3,severe_retinopathy,train_images\aptos_02474.png
aptos_02475,1,mild_retinopathy,train_images\aptos_02475.png
aptos_02476,0,no_diabetic_retinopathy,train_images\aptos_02476.png
aptos_02477,1,mild_retinopathy,train_images\aptos_02477.png
aptos_02478,0,no_diabetic_retinopathy,train_images\aptos_02478.png
aptos_02479,2,moderate_retinopathy,train_images\aptos_02479.png
aptos_02480,2,moderate_retinopathy,train_images\aptos_02480.png
aptos_02481,0,no_diabetic_retinopathy,train_images\aptos_02481.png
aptos_02482,0,no_diabetic_retinopathy,train_images\aptos_02482.png
aptos_02483,0,no_diabetic_retinopathy,train_images\aptos_02483.png
aptos_02484,2,moderate_retinopathy,train_images\aptos_02484.png
aptos_02485,2,moderate_retinopathy,train_images\aptos_02485.png
aptos_02486,2,moderate_retinopathy,train_images\aptos_02486.png
aptos_02487,0,no_diabetic_retinopathy,train_images\aptos_02487.png
aptos_02488,2,moderate_retinopathy,train_images\aptos_02488.png
aptos_02489,2,moderate_retinopathy,train_images\aptos_02489.png
aptos_02490,0,no_diabetic_retinopathy,train_images\aptos_02490.png
aptos_02491,0,no_diabetic_retinopathy,train_images\aptos_02491.png
aptos_02492,0,no_diabetic_retinopathy,train_images\aptos_02492.png
aptos_02493,0,no_diabetic_retinopathy,train_images\aptos_02493.png
aptos_02494,0,no_diabetic_retinopathy,train_images\aptos_02494.png
aptos_02495,0,no_diabetic_retinopathy,train_images\aptos_02495.png
aptos_02496,1,mild_retinopathy,train_images\aptos_02496.png
aptos_02497,0,no_diabetic_retinopathy,train_images\aptos_02497.png
aptos_02498,3,severe_retinopathy,train_images\aptos_02498.png
aptos_02499,0,no_diabetic_retinopathy,train_images\aptos_02499.png
aptos_02500,1,mild_retinopathy,train_images\aptos_02500.png
aptos_02501,2,moderate_retinopathy,train_images\aptos_02501.png
aptos_02502,0,no_diabetic_retinopathy,train_images\aptos_02502.png
aptos_02503,0,no_diabetic_retinopathy,train_images\aptos_02503.png
aptos_02504,0,no_diabetic_retinopathy,train_images\aptos_02504.png
aptos_02505,3,severe_retinopathy,train_images\aptos_02505.png
aptos_02506,2,moderate_retinopathy,train_images\aptos_02506.png
aptos_02507,0,no_diabetic_retinopathy,train_images\aptos_02507.png
aptos_02508,2,moderate_retinopathy,train_images\aptos_02508.png
aptos_02509,0,no_diabetic_retinopathy,train_images\aptos_02509.png
aptos_02510,0,no_diabetic_retinopathy,train_images\aptos_02510.png
aptos_02511,0,no_diabetic_retinopathy,train_images\aptos_02511.png
aptos_02512,0,no_diabetic_retinopathy,train_images\aptos_02512.png
aptos_02513,0,no_diabetic_retinopathy,train_images\aptos_02513.png
aptos_02514,0,no_diabetic_retinopathy,train_images\aptos_02514.png
aptos_02515,0,no_diabetic_retinopathy,train_images\aptos_02515.png
aptos_02516,0,no_diabetic_retinopathy,train_images\aptos_02516.png
aptos_02517,2,moderate_retinopathy,train_images\aptos_02517.png
aptos_02518,1,mild_retinopathy,train_images\aptos_02518.png
aptos_02519,0,no_diabetic_retinopathy,train_images\aptos_02519.png
aptos_02520,0,no_diabetic_retinopathy,train_images\aptos_02520.png
aptos_02521,3,severe_retinopathy,train_images\aptos_02521.png
aptos_02522,0,no_diabetic_retinopathy,train_images\aptos_02522.png
aptos_02523,0,no_diabetic_retinopathy,train_images\aptos_02523.png
aptos_02524,0,no_diabetic_retinopathy,train_images\aptos_02524.png
aptos_02525,0,no_diabetic_retinopathy,train_images\aptos_02525.png
aptos_02526,0,no_diabetic_retinopathy,train_images\aptos_02526.png
aptos_02527,2,moderate_retinopathy,train_images\aptos_02527.png
aptos_02528,4,proliferative_retinopathy,train_images\aptos_02528.png
aptos_02529,2,moderate_retinopathy,train_images\aptos_02529.png
aptos_02530,1,mild_retinopathy,train_images\aptos_02530.png
aptos_02531,0,no_diabetic_retinopathy,train_images\aptos_02531.png
aptos_02532,3,severe_retinopathy,train_images\aptos_02532.png
aptos_02533,0,no_diabetic_retinopathy,train_images\aptos_02533.png
aptos_02534,0,no_diabetic_retinopathy,train_images\aptos_02534.png
aptos_02535,0,no_diabetic_retinopathy,train_images\aptos_02535.png
aptos_02536,0,no_diabetic_retinopathy,train_images\aptos_02536.png
aptos_02537,2,moderate_retinopathy,train_images\aptos_02537.png
aptos_02538,2,moderate_retinopathy,train_images\aptos_02538.png
aptos_02539,0,no_diabetic_retinopathy,train_images\aptos_02539.png
aptos_02540,2,moderate_retinopathy,train_images\aptos_02540.png
aptos_02541,0,no_diabetic_retinopathy,train_images\aptos_02541.png
aptos_02542,0,no_diabetic_retinopathy,train_images\aptos_02542.png
aptos_02543,3,severe_retinopathy,train_images\aptos_02543.png
aptos_02544,2,moderate_retinopathy,train_images\aptos_02544.png
aptos_02545,0,no_diabetic_retinopathy,train_images\aptos_02545.png
aptos_02546,0,no_diabetic_retinopathy,train_images\aptos_02546.png
aptos_02547,2,moderate_retinopathy,train_images\aptos_02547.png
aptos_02548,1,mild_retinopathy,train_images\aptos_02548.png
aptos_02549,0,no_diabetic_retinopathy,train_images\aptos_02549.png
aptos_02550,0,no_diabetic_retinopathy,train_images\aptos_02550.png
aptos_02551,0,no_diabetic_retinopathy,train_images\aptos_02551.png
aptos_02552,0,no_diabetic_retinopathy,train_images\aptos_02552.png
aptos_02553,0,no_diabetic_retinopathy,train_images\aptos_02553.png
aptos_02554,0,no_diabetic_retinopathy,train_images\aptos_02554.png
aptos_02555,2,moderate_retinopathy,train_images\aptos_02555.png
aptos_02556,2,moderate_retinopathy,train_images\aptos_02556.png
aptos_02557,2,moderate_retinopathy,train_images\aptos_02557.png
aptos_02558,2,moderate_retinopathy,train_images\aptos_02558.png
aptos_02559,0,no_diabetic_retinopathy,train_images\aptos_02559.png
aptos_02560,0,no_diabetic_retinopathy,train_images\aptos_02560.png
aptos_02561,0,no_diabetic_retinopathy,train_images\aptos_02561.png
aptos_02562,1,mild_retinopathy,train_images\aptos_02562.png
aptos_02563,0,no_diabetic_retinopathy,train_images\aptos_02563.png
aptos_02564,2,moderate_retinopathy,train_images\aptos_02564.png
aptos_02565,0,no_diabetic_retinopathy,train_images\aptos_02565.png
aptos_02566,1,mild_retinopathy,train_images\aptos_02566.png
aptos_02567,2,moderate_retinopathy,train_images\aptos_02567.png
aptos_02568,3,severe_retinopathy,train_images\aptos_02568.png
aptos_02569,4,proliferative_retinopathy,train_images\aptos_02569.png
aptos_02570,0,no_diabetic_retinopathy,train_images\aptos_02570.png
aptos_02571,2,moderate_retinopathy,train_images\aptos_02571.png
aptos_02572,0,no_diabetic_retinopathy,train_images\aptos_02572.png
aptos_02573,0,no_diabetic_retinopathy,train_images\aptos_02573.png
aptos_02574,1,mild_retinopathy,train_images\aptos_02574.png
aptos_02575,0,no_diabetic_retinopathy,train_images\aptos_02575.png
aptos_02576,2,moderate_retinopathy,train_images\aptos_02576.png
aptos_02577,0,no_diabetic_retinopathy,train_images\aptos_02577.png
aptos_02578,2,moderate_retinopathy,train_images\aptos_02578.png
aptos_02579,0,no_diabetic_retinopathy,train_images\aptos_02579.png
aptos_02580,0,no_diabetic_retinopathy,train_images\aptos_02580.png
aptos_02581,3,severe_retinopathy,train_images\aptos_02581.png
aptos_02582,3,severe_retinopathy,train_images\aptos_02582.png
aptos_02583,0,no_diabetic_retinopathy,train_images\aptos_02583.png
aptos_02584,0,no_diabetic_retinopathy,train_images\aptos_02584.png
aptos_02585,2,moderate_retinopathy,train_images\aptos_02585.png
aptos_02586,4,proliferative_retinopathy,train_images\aptos_02586.png
aptos_02587,4,proliferative_retinopathy,train_images\aptos_02587.png
aptos_02588,0,no_diabetic_retinopathy,train_images\aptos_02588.png
aptos_02589,2,moderate_retinopathy,train_images\aptos_02589.png
aptos_02590,2,moderate_retinopathy,train_images\aptos_02590.png
aptos_02591,3,severe_retinopathy,train_images\aptos_02591.png
aptos_02592,0,no_diabetic_retinopathy,train_images\aptos_02592.png
aptos_02593,2,moderate_retinopathy,train_images\aptos_02593.png
aptos_02594,2,moderate_retinopathy,train_images\aptos_02594.png
aptos_02595,0,no_diabetic_retinopathy,train_images\aptos_02595.png
aptos_02596,0,no_diabetic_retinopathy,train_images\aptos_02596.png
aptos_02597,2,moderate_retinopathy,train_images\aptos_02597.png
aptos_02598,0,no_diabetic_retinopathy,train_images\aptos_02598.png
aptos_02599,2,moderate_retinopathy,train_images\aptos_02599.png
aptos_02600,4,proliferative_retinopathy,train_images\aptos_02600.png
aptos_02601,0,no_diabetic_retinopathy,train_images\aptos_02601.png
aptos_02602,0,no_diabetic_retinopathy,train_images\aptos_02602.png
aptos_02603,1,mild_retinopathy,train_images\aptos_02603.png
aptos_02604,1,mild_retinopathy,train_images\aptos_02604.png
aptos_02605,0,no_diabetic_retinopathy,train_images\aptos_02605.png
aptos_02606,0,no_diabetic_retinopathy,train_images\aptos_02606.png
aptos_02607,0,no_diabetic_retinopathy,train_images\aptos_02607.png
aptos_02608,0,no_diabetic_retinopathy,train_images\aptos_02608.png
aptos_02609,4,proliferative_retinopathy,train_images\aptos_02609.png
aptos_02610,1,mild_retinopathy,train_images\aptos_02610.png
aptos_02611,2,moderate_retinopathy,train_images\aptos_02611.png
aptos_02612,1,mild_retinopathy,train_images\aptos_02612.png
aptos_02613,3,severe_retinopathy,train_images\aptos_02613.png
aptos_02614,0,no_diabetic_retinopathy,train_images\aptos_02614.png
aptos_02615,0,no_diabetic_retinopathy,train_images\aptos_02615.png
aptos_02616,0,no_diabetic_retinopathy,train_images\aptos_02616.png
aptos_02617,0,no_diabetic_retinopathy,train_images\aptos_02617.png
aptos_02618,2,moderate_retinopathy,train_images\aptos_02618.png
aptos_02619,0,no_diabetic_retinopathy,train_images\aptos_02619.png
aptos_02620,2,moderate_retinopathy,train_images\aptos_02620.png
aptos_02621,2,moderate_retinopathy,train_images\aptos_02621.png
aptos_02622,1,mild_retinopathy,train_images\aptos_02622.png
aptos_02623,0,no_diabetic_retinopathy,train_images\aptos_02623.png
aptos_02624,2,moderate_retinopathy,train_images\aptos_02624.png
aptos_02625,2,moderate_retinopathy,train_images\aptos_02625.png
aptos_02626,0,no_diabetic_retinopathy,train_images\aptos_02626.png
aptos_02627,0,no_diabetic_retinopathy,train_images\aptos_02627.png
aptos_02628,0,no_diabetic_retinopathy,train_images\aptos_02628.png
aptos_02629,1,mild_retinopathy,train_images\aptos_02629.png
aptos_02630,0,no_diabetic_retinopathy,train_images\aptos_02630.png
aptos_02631,3,severe_retinopathy,train_images\aptos_02631.png
aptos_02632,0,no_diabetic_retinopathy,train_images\aptos_02632.png
aptos_02633,0,no_diabetic_retinopathy,train_images\aptos_02633.png
aptos_02634,4,proliferative_retinopathy,train_images\aptos_02634.png
aptos_02635,0,no_diabetic_retinopathy,train_images\aptos_02635.png
aptos_02636,1,mild_retinopathy,train_images\aptos_02636.png
aptos_02637,1,mild_retinopathy,train_images\aptos_02637.png
aptos_02638,0,no_diabetic_retinopathy,train_images\aptos_02638.png
aptos_02639,0,no_diabetic_retinopathy,train_images\aptos_02639.png
aptos_02640,0,no_diabetic_retinopathy,train_images\aptos_02640.png
aptos_02641,2,moderate_retinopathy,train_images\aptos_02641.png
aptos_02642,0,no_diabetic_retinopathy,train_images\aptos_02642.png
aptos_02643,0,no_diabetic_retinopathy,train_images\aptos_02643.png
aptos_02644,2,moderate_retinopathy,train_images\aptos_02644.png
aptos_02645,0,no_diabetic_retinopathy,train_images\aptos_02645.png
aptos_02646,4,proliferative_retinopathy,train_images\aptos_02646.png
aptos_02647,0,no_diabetic_retinopathy,train_images\aptos_02647.png
aptos_02648,0,no_diabetic_retinopathy,train_images\aptos_02648.png
aptos_02649,0,no_diabetic_retinopathy,train_images\aptos_02649.png
aptos_02650,0,no_diabetic_retinopathy,train_images\aptos_02650.png
aptos_02651,0,no_diabetic_retinopathy,train_images\aptos_02651.png
aptos_02652,3,severe_retinopathy,train_images\aptos_02652.png
aptos_02653,0,no_diabetic_retinopathy,train_images\aptos_02653.png
aptos_02654,0,no_diabetic_retinopathy,train_images\aptos_02654.png
aptos_02655,2,moderate_retinopathy,train_images\aptos_02655.png
aptos_02656,0,no_diabetic_retinopathy,train_images\aptos_02656.png
aptos_02657,0,no_diabetic_retinopathy,train_images\aptos_02657.png
aptos_02658,2,moderate_retinopathy,train_images\aptos_02658.png
aptos_02659,0,no_diabetic_retinopathy,train_images\aptos_02659.png
aptos_02660,0,no_diabetic_retinopathy,train_images\aptos_02660.png
aptos_02661,4,proliferative_retinopathy,train_images\aptos_02661.png
aptos_02662,2,moderate_retinopathy,train_images\aptos_02662.png
aptos_02663,2,moderate_retinopathy,train_images\aptos_02663.png
aptos_02664,0,no_diabetic_retinopathy,train_images\aptos_02664.png
aptos_02665,0,no_diabetic_retinopathy,train_images\aptos_02665.png
aptos_02666,0,no_diabetic_retinopathy,train_images\aptos_02666.png
aptos_02667,1,mild_retinopathy,train_images\aptos_02667.png
aptos_02668,2,moderate_retinopathy,train_images\aptos_02668.png
aptos_02669,2,moderate_retinopathy,train_images\aptos_02669.png
aptos_02670,4,proliferative_retinopathy,train_images\aptos_02670.png
aptos_02671,2,moderate_retinopathy,train_images\aptos_02671.png
aptos_02672,2,moderate_retinopathy,train_images\aptos_02672.png
aptos_02673,2,moderate_retinopathy,train_images\aptos_02673.png
aptos_02674,0,no_diabetic_retinopathy,train_images\aptos_02674.png
aptos_02675,1,mild_retinopathy,train_images\aptos_02675.png
aptos_02676,0,no_diabetic_retinopathy,train_images\aptos_02676.png
aptos_02677,2,moderate_retinopathy,train_images\aptos_02677.png
aptos_02678,3,severe_retinopathy,train_images\aptos_02678.png
aptos_02679,0,no_diabetic_retinopathy,train_images\aptos_02679.png
aptos_02680,4,proliferative_retinopathy,train_images\aptos_02680.png
aptos_02681,2,moderate_retinopathy,train_images\aptos_02681.png
aptos_02682,2,moderate_retinopathy,train_images\aptos_02682.png
aptos_02683,4,proliferative_retinopathy,train_images\aptos_02683.png
aptos_02684,2,moderate_retinopathy,train_images\aptos_02684.png
aptos_02685,2,moderate_retinopathy,train_images\aptos_02685.png
aptos_02686,1,mild_retinopathy,train_images\aptos_02686.png
aptos_02687,0,no_diabetic_retinopathy,train_images\aptos_02687.png
aptos_02688,0,no_diabetic_retinopathy,train_images\aptos_02688.png
aptos_02689,0,no_diabetic_retinopathy,train_images\aptos_02689.png
aptos_02690,0,no_diabetic_retinopathy,train_images\aptos_02690.png
aptos_02691,0,no_diabetic_retinopathy,train_images\aptos_02691.png
aptos_02692,4,proliferative_retinopathy,train_images\aptos_02692.png
aptos_02693,2,moderate_retinopathy,train_images\aptos_02693.png
aptos_02694,2,moderate_retinopathy,train_images\aptos_02694.png
aptos_02695,0,no_diabetic_retinopathy,train_images\aptos_02695.png
aptos_02696,4,proliferative_retinopathy,train_images\aptos_02696.png
aptos_02697,0,no_diabetic_retinopathy,train_images\aptos_02697.png
aptos_02698,4,proliferative_retinopathy,train_images\aptos_02698.png
aptos_02699,0,no_diabetic_retinopathy,train_images\aptos_02699.png
aptos_02700,0,no_diabetic_retinopathy,train_images\aptos_02700.png
aptos_02701,0,no_diabetic_retinopathy,train_images\aptos_02701.png
aptos_02702,0,no_diabetic_retinopathy,train_images\aptos_02702.png
aptos_02703,1,mild_retinopathy,train_images\aptos_02703.png
aptos_02704,0,no_diabetic_retinopathy,train_images\aptos_02704.png
aptos_02705,0,no_diabetic_retinopathy,train_images\aptos_02705.png
aptos_02706,1,mild_retinopathy,train_images\aptos_02706.png
aptos_02707,0,no_diabetic_retinopathy,train_images\aptos_02707.png
aptos_02708,1,mild_retinopathy,train_images\aptos_02708.png
aptos_02709,3,severe_retinopathy,train_images\aptos_02709.png
aptos_02710,2,moderate_retinopathy,train_images\aptos_02710.png
aptos_02711,0,no_diabetic_retinopathy,train_images\aptos_02711.png
aptos_02712,1,mild_retinopathy,train_images\aptos_02712.png
aptos_02713,3,severe_retinopathy,train_images\aptos_02713.png
aptos_02714,0,no_diabetic_retinopathy,train_images\aptos_02714.png
aptos_02715,1,mild_retinopathy,train_images\aptos_02715.png
aptos_02716,4,proliferative_retinopathy,train_images\aptos_02716.png
aptos_02717,2,moderate_retinopathy,train_images\aptos_02717.png
aptos_02718,4,proliferative_retinopathy,train_images\aptos_02718.png
aptos_02719,0,no_diabetic_retinopathy,train_images\aptos_02719.png
aptos_02720,1,mild_retinopathy,train_images\aptos_02720.png
aptos_02721,0,no_diabetic_retinopathy,train_images\aptos_02721.png
aptos_02722,0,no_diabetic_retinopathy,train_images\aptos_02722.png
aptos_02723,0,no_diabetic_retinopathy,train_images\aptos_02723.png
aptos_02724,2,moderate_retinopathy,train_images\aptos_02724.png
aptos_02725,0,no_diabetic_retinopathy,train_images\aptos_02725.png
aptos_02726,2,moderate_retinopathy,train_images\aptos_02726.png
aptos_02727,4,proliferative_retinopathy,train_images\aptos_02727.png
aptos_02728,2,moderate_retinopathy,train_images\aptos_02728.png
aptos_02729,0,no_diabetic_retinopathy,train_images\aptos_02729.png
aptos_02730,1,mild_retinopathy,train_images\aptos_02730.png
aptos_02731,0,no_diabetic_retinopathy,train_images\aptos_02731.png
aptos_02732,0,no_diabetic_retinopathy,train_images\aptos_02732.png
aptos_02733,0,no_diabetic_retinopathy,train_images\aptos_02733.png
aptos_02734,4,proliferative_retinopathy,train_images\aptos_02734.png
aptos_02735,4,proliferative_retinopathy,train_images\aptos_02735.png
aptos_02736,2,moderate_retinopathy,train_images\aptos_02736.png
aptos_02737,2,moderate_retinopathy,train_images\aptos_02737.png
aptos_02738,0,no_diabetic_retinopathy,train_images\aptos_02738.png
aptos_02739,2,moderate_retinopathy,train_images\aptos_02739.png
aptos_02740,0,no_diabetic_retinopathy,train_images\aptos_02740.png
aptos_02741,0,no_diabetic_retinopathy,train_images\aptos_02741.png
aptos_02742,0,no_diabetic_retinopathy,train_images\aptos_02742.png
aptos_02743,4,proliferative_retinopathy,train_images\aptos_02743.png
aptos_02744,2,moderate_retinopathy,train_images\aptos_02744.png
aptos_02745,0,no_diabetic_retinopathy,train_images\aptos_02745.png
aptos_02746,2,moderate_retinopathy,train_images\aptos_02746.png
aptos_02747,0,no_diabetic_retinopathy,train_images\aptos_02747.png
aptos_02748,0,no_diabetic_retinopathy,train_images\aptos_02748.png
aptos_02749,2,moderate_retinopathy,train_images\aptos_02749.png
aptos_02750,0,no_diabetic_retinopathy,train_images\aptos_02750.png
aptos_02751,2,moderate_retinopathy,train_images\aptos_02751.png
aptos_02752,0,no_diabetic_retinopathy,train_images\aptos_02752.png
aptos_02753,0,no_diabetic_retinopathy,train_images\aptos_02753.png
aptos_02754,0,no_diabetic_retinopathy,train_images\aptos_02754.png
aptos_02755,0,no_diabetic_retinopathy,train_images\aptos_02755.png
aptos_02756,1,mild_retinopathy,train_images\aptos_02756.png
aptos_02757,0,no_diabetic_retinopathy,train_images\aptos_02757.png
aptos_02758,3,severe_retinopathy,train_images\aptos_02758.png
aptos_02759,0,no_diabetic_retinopathy,train_images\aptos_02759.png
aptos_02760,0,no_diabetic_retinopathy,train_images\aptos_02760.png
aptos_02761,1,mild_retinopathy,train_images\aptos_02761.png
aptos_02762,2,moderate_retinopathy,train_images\aptos_02762.png
aptos_02763,0,no_diabetic_retinopathy,train_images\aptos_02763.png
aptos_02764,2,moderate_retinopathy,train_images\aptos_02764.png
aptos_02765,0,no_diabetic_retinopathy,train_images\aptos_02765.png
aptos_02766,0,no_diabetic_retinopathy,train_images\aptos_02766.png
aptos_02767,3,severe_retinopathy,train_images\aptos_02767.png
aptos_02768,0,no_diabetic_retinopathy,train_images\aptos_02768.png
aptos_02769,0,no_diabetic_retinopathy,train_images\aptos_02769.png
aptos_02770,2,moderate_retinopathy,train_images\aptos_02770.png
aptos_02771,0,no_diabetic_retinopathy,train_images\aptos_02771.png
aptos_02772,2,moderate_retinopathy,train_images\aptos_02772.png
aptos_02773,0,no_diabetic_retinopathy,train_images\aptos_02773.png
aptos_02774,2,moderate_retinopathy,train_images\aptos_02774.png
aptos_02775,2,moderate_retinopathy,train_images\aptos_02775.png
aptos_02776,4,proliferative_retinopathy,train_images\aptos_02776.png
aptos_02777,2,moderate_retinopathy,train_images\aptos_02777.png
aptos_02778,4,proliferative_retinopathy,train_images\aptos_02778.png
aptos_02779,0,no_diabetic_retinopathy,train_images\aptos_02779.png
aptos_02780,0,no_diabetic_retinopathy,train_images\aptos_02780.png
aptos_02781,0,no_diabetic_retinopathy,train_images\aptos_02781.png
aptos_02782,4,proliferative_retinopathy,train_images\aptos_02782.png
aptos_02783,2,moderate_retinopathy,train_images\aptos_02783.png
aptos_02784,1,mild_retinopathy,train_images\aptos_02784.png
aptos_02785,2,moderate_retinopathy,train_images\aptos_02785.png
aptos_02786,0,no_diabetic_retinopathy,train_images\aptos_02786.png
aptos_02787,0,no_diabetic_retinopathy,train_images\aptos_02787.png
aptos_02788,1,mild_retinopathy,train_images\aptos_02788.png
aptos_02789,3,severe_retinopathy,train_images\aptos_02789.png
aptos_02790,0,no_diabetic_retinopathy,train_images\aptos_02790.png
aptos_02791,1,mild_retinopathy,train_images\aptos_02791.png
aptos_02792,4,proliferative_retinopathy,train_images\aptos_02792.png
aptos_02793,1,mild_retinopathy,train_images\aptos_02793.png
aptos_02794,1,mild_retinopathy,train_images\aptos_02794.png
aptos_02795,0,no_diabetic_retinopathy,train_images\aptos_02795.png
aptos_02796,0,no_diabetic_retinopathy,train_images\aptos_02796.png
aptos_02797,4,proliferative_retinopathy,train_images\aptos_02797.png
aptos_02798,0,no_diabetic_retinopathy,train_images\aptos_02798.png
aptos_02799,4,proliferative_retinopathy,train_images\aptos_02799.png
aptos_02800,0,no_diabetic_retinopathy,train_images\aptos_02800.png
aptos_02801,2,moderate_retinopathy,train_images\aptos_02801.png
aptos_02802,1,mild_retinopathy,train_images\aptos_02802.png
aptos_02803,1,mild_retinopathy,train_images\aptos_02803.png
aptos_02804,0,no_diabetic_retinopathy,train_images\aptos_02804.png
aptos_02805,0,no_diabetic_retinopathy,train_images\aptos_02805.png
aptos_02806,0,no_diabetic_retinopathy,train_images\aptos_02806.png
aptos_02807,2,moderate_retinopathy,train_images\aptos_02807.png
aptos_02808,0,no_diabetic_retinopathy,train_images\aptos_02808.png
aptos_02809,2,moderate_retinopathy,train_images\aptos_02809.png
aptos_02810,0,no_diabetic_retinopathy,train_images\aptos_02810.png
aptos_02811,2,moderate_retinopathy,train_images\aptos_02811.png
aptos_02812,0,no_diabetic_retinopathy,train_images\aptos_02812.png
aptos_02813,2,moderate_retinopathy,train_images\aptos_02813.png
aptos_02814,0,no_diabetic_retinopathy,train_images\aptos_02814.png
aptos_02815,3,severe_retinopathy,train_images\aptos_02815.png
aptos_02816,0,no_diabetic_retinopathy,train_images\aptos_02816.png
aptos_02817,0,no_diabetic_retinopathy,train_images\aptos_02817.png
aptos_02818,0,no_diabetic_retinopathy,train_images\aptos_02818.png
aptos_02819,0,no_diabetic_retinopathy,train_images\aptos_02819.png
aptos_02820,0,no_diabetic_retinopathy,train_images\aptos_02820.png
aptos_02821,3,severe_retinopathy,train_images\aptos_02821.png
aptos_02822,0,no_diabetic_retinopathy,train_images\aptos_02822.png
aptos_02823,2,moderate_retinopathy,train_images\aptos_02823.png
aptos_02824,0,no_diabetic_retinopathy,train_images\aptos_02824.png
aptos_02825,0,no_diabetic_retinopathy,train_images\aptos_02825.png
aptos_02826,3,severe_retinopathy,train_images\aptos_02826.png
aptos_02827,4,proliferative_retinopathy,train_images\aptos_02827.png
aptos_02828,2,moderate_retinopathy,train_images\aptos_02828.png
aptos_02829,2,moderate_retinopathy,train_images\aptos_02829.png
aptos_02830,1,mild_retinopathy,train_images\aptos_02830.png
aptos_02831,0,no_diabetic_retinopathy,train_images\aptos_02831.png
aptos_02832,2,moderate_retinopathy,train_images\aptos_02832.png
aptos_02833,1,mild_retinopathy,train_images\aptos_02833.png
aptos_02834,0,no_diabetic_retinopathy,train_images\aptos_02834.png
aptos_02835,2,moderate_retinopathy,train_images\aptos_02835.png
aptos_02836,2,moderate_retinopathy,train_images\aptos_02836.png
aptos_02837,2,moderate_retinopathy,train_images\aptos_02837.png
aptos_02838,0,no_diabetic_retinopathy,train_images\aptos_02838.png
aptos_02839,2,moderate_retinopathy,train_images\aptos_02839.png
aptos_02840,0,no_diabetic_retinopathy,train_images\aptos_02840.png
aptos_02841,2,moderate_retinopathy,train_images\aptos_02841.png
aptos_02842,1,mild_retinopathy,train_images\aptos_02842.png
aptos_02843,0,no_diabetic_retinopathy,train_images\aptos_02843.png
aptos_02844,0,no_diabetic_retinopathy,train_images\aptos_02844.png
aptos_02845,0,no_diabetic_retinopathy,train_images\aptos_02845.png
aptos_02846,0,no_diabetic_retinopathy,train_images\aptos_02846.png
aptos_02847,0,no_diabetic_retinopathy,train_images\aptos_02847.png
aptos_02848,0,no_diabetic_retinopathy,train_images\aptos_02848.png
aptos_02849,3,severe_retinopathy,train_images\aptos_02849.png
aptos_02850,2,moderate_retinopathy,train_images\aptos_02850.png
aptos_02851,0,no_diabetic_retinopathy,train_images\aptos_02851.png
aptos_02852,3,severe_retinopathy,train_images\aptos_02852.png
aptos_02853,0,no_diabetic_retinopathy,train_images\aptos_02853.png
aptos_02854,4,proliferative_retinopathy,train_images\aptos_02854.png
aptos_02855,2,moderate_retinopathy,train_images\aptos_02855.png
aptos_02856,0,no_diabetic_retinopathy,train_images\aptos_02856.png
aptos_02857,4,proliferative_retinopathy,train_images\aptos_02857.png
aptos_02858,0,no_diabetic_retinopathy,train_images\aptos_02858.png
aptos_02859,0,no_diabetic_retinopathy,train_images\aptos_02859.png
aptos_02860,0,no_diabetic_retinopathy,train_images\aptos_02860.png
aptos_02861,3,severe_retinopathy,train_images\aptos_02861.png
aptos_02862,2,moderate_retinopathy,train_images\aptos_02862.png
aptos_02863,0,no_diabetic_retinopathy,train_images\aptos_02863.png
aptos_02864,4,proliferative_retinopathy,train_images\aptos_02864.png
aptos_02865,2,moderate_retinopathy,train_images\aptos_02865.png
aptos_02866,0,no_diabetic_retinopathy,train_images\aptos_02866.png
aptos_02867,2,moderate_retinopathy,train_images\aptos_02867.png
aptos_02868,0,no_diabetic_retinopathy,train_images\aptos_02868.png
aptos_02869,2,moderate_retinopathy,train_images\aptos_02869.png
aptos_02870,0,no_diabetic_retinopathy,train_images\aptos_02870.png
aptos_02871,0,no_diabetic_retinopathy,train_images\aptos_02871.png
aptos_02872,2,moderate_retinopathy,train_images\aptos_02872.png
aptos_02873,1,mild_retinopathy,train_images\aptos_02873.png
aptos_02874,2,moderate_retinopathy,train_images\aptos_02874.png
aptos_02875,0,no_diabetic_retinopathy,train_images\aptos_02875.png
aptos_02876,3,severe_retinopathy,train_images\aptos_02876.png
aptos_02877,1,mild_retinopathy,train_images\aptos_02877.png
aptos_02878,2,moderate_retinopathy,train_images\aptos_02878.png
aptos_02879,0,no_diabetic_retinopathy,train_images\aptos_02879.png
aptos_02880,0,no_diabetic_retinopathy,train_images\aptos_02880.png
aptos_02881,2,moderate_retinopathy,train_images\aptos_02881.png
aptos_02882,0,no_diabetic_retinopathy,train_images\aptos_02882.png
aptos_02883,2,moderate_retinopathy,train_images\aptos_02883.png
aptos_02884,0,no_diabetic_retinopathy,train_images\aptos_02884.png
aptos_02885,0,no_diabetic_retinopathy,train_images\aptos_02885.png
aptos_02886,2,moderate_retinopathy,train_images\aptos_02886.png
aptos_02887,2,moderate_retinopathy,train_images\aptos_02887.png
aptos_02888,2,moderate_retinopathy,train_images\aptos_02888.png
aptos_02889,2,moderate_retinopathy,train_images\aptos_02889.png
aptos_02890,4,proliferative_retinopathy,train_images\aptos_02890.png
aptos_02891,1,mild_retinopathy,train_images\aptos_02891.png
aptos_02892,0,no_diabetic_retinopathy,train_images\aptos_02892.png
aptos_02893,0,no_diabetic_retinopathy,train_images\aptos_02893.png
aptos_02894,1,mild_retinopathy,train_images\aptos_02894.png
aptos_02895,0,no_diabetic_retinopathy,train_images\aptos_02895.png
aptos_02896,1,mild_retinopathy,train_images\aptos_02896.png
aptos_02897,0,no_diabetic_retinopathy,train_images\aptos_02897.png
aptos_02898,0,no_diabetic_retinopathy,train_images\aptos_02898.png
aptos_02899,0,no_diabetic_retinopathy,train_images\aptos_02899.png
aptos_02900,2,moderate_retinopathy,train_images\aptos_02900.png
aptos_02901,0,no_diabetic_retinopathy,train_images\aptos_02901.png
aptos_02902,3,severe_retinopathy,train_images\aptos_02902.png
aptos_02903,2,moderate_retinopathy,train_images\aptos_02903.png
aptos_02904,0,no_diabetic_retinopathy,train_images\aptos_02904.png
aptos_02905,2,moderate_retinopathy,train_images\aptos_02905.png
aptos_02906,1,mild_retinopathy,train_images\aptos_02906.png
aptos_02907,1,mild_retinopathy,train_images\aptos_02907.png
aptos_02908,0,no_diabetic_retinopathy,train_images\aptos_02908.png
aptos_02909,1,mild_retinopathy,train_images\aptos_02909.png
aptos_02910,2,moderate_retinopathy,train_images\aptos_02910.png
aptos_02911,1,mild_retinopathy,train_images\aptos_02911.png
aptos_02912,1,mild_retinopathy,train_images\aptos_02912.png
aptos_02913,1,mild_retinopathy,train_images\aptos_02913.png
aptos_02914,2,moderate_retinopathy,train_images\aptos_02914.png
aptos_02915,2,moderate_retinopathy,train_images\aptos_02915.png
aptos_02916,2,moderate_retinopathy,train_images\aptos_02916.png
aptos_02917,2,moderate_retinopathy,train_images\aptos_02917.png
aptos_02918,1,mild_retinopathy,train_images\aptos_02918.png
aptos_02919,2,moderate_retinopathy,train_images\aptos_02919.png
aptos_02920,2,moderate_retinopathy,train_images\aptos_02920.png
aptos_02921,0,no_diabetic_retinopathy,train_images\aptos_02921.png
aptos_02922,0,no_diabetic_retinopathy,train_images\aptos_02922.png
aptos_02923,0,no_diabetic_retinopathy,train_images\aptos_02923.png
aptos_02924,1,mild_retinopathy,train_images\aptos_02924.png
aptos_02925,2,moderate_retinopathy,train_images\aptos_02925.png
aptos_02926,0,no_diabetic_retinopathy,train_images\aptos_02926.png
aptos_02927,0,no_diabetic_retinopathy,train_images\aptos_02927.png
aptos_02928,0,no_diabetic_retinopathy,train_images\aptos_02928.png
aptos_02929,0,no_diabetic_retinopathy,train_images\aptos_02929.png
aptos_02930,1,mild_retinopathy,train_images\aptos_02930.png
aptos_02931,0,no_diabetic_retinopathy,train_images\aptos_02931.png
aptos_02932,4,proliferative_retinopathy,train_images\aptos_02932.png
aptos_02933,2,moderate_retinopathy,train_images\aptos_02933.png
aptos_02934,0,no_diabetic_retinopathy,train_images\aptos_02934.png
aptos_02935,2,moderate_retinopathy,train_images\aptos_02935.png
aptos_02936,0,no_diabetic_retinopathy,train_images\aptos_02936.png
aptos_02937,2,moderate_retinopathy,train_images\aptos_02937.png
aptos_02938,4,proliferative_retinopathy,train_images\aptos_02938.png
aptos_02939,0,no_diabetic_retinopathy,train_images\aptos_02939.png
aptos_02940,2,moderate_retinopathy,train_images\aptos_02940.png
aptos_02941,1,mild_retinopathy,train_images\aptos_02941.png
aptos_02942,2,moderate_retinopathy,train_images\aptos_02942.png
aptos_02943,4,proliferative_retinopathy,train_images\aptos_02943.png
aptos_02944,0,no_diabetic_retinopathy,train_images\aptos_02944.png
aptos_02945,2,moderate_retinopathy,train_images\aptos_02945.png
aptos_02946,1,mild_retinopathy,train_images\aptos_02946.png
aptos_02947,0,no_diabetic_retinopathy,train_images\aptos_02947.png
aptos_02948,2,moderate_retinopathy,train_images\aptos_02948.png
aptos_02949,2,moderate_retinopathy,train_images\aptos_02949.png
aptos_02950,0,no_diabetic_retinopathy,train_images\aptos_02950.png
aptos_02951,0,no_diabetic_retinopathy,train_images\aptos_02951.png
aptos_02952,0,no_diabetic_retinopathy,train_images\aptos_02952.png
aptos_02953,0,no_diabetic_retinopathy,train_images\aptos_02953.png
aptos_02954,0,no_diabetic_retinopathy,train_images\aptos_02954.png
aptos_02955,2,moderate_retinopathy,train_images\aptos_02955.png
aptos_02956,0,no_diabetic_retinopathy,train_images\aptos_02956.png
aptos_02957,2,moderate_retinopathy,train_images\aptos_02957.png
aptos_02958,1,mild_retinopathy,train_images\aptos_02958.png
aptos_02959,0,no_diabetic_retinopathy,train_images\aptos_02959.png
aptos_02960,2,moderate_retinopathy,train_images\aptos_02960.png
aptos_02961,4,proliferative_retinopathy,train_images\aptos_02961.png
aptos_02962,0,no_diabetic_retinopathy,train_images\aptos_02962.png
aptos_02963,1,mild_retinopathy,train_images\aptos_02963.png
aptos_02964,0,no_diabetic_retinopathy,train_images\aptos_02964.png
aptos_02965,0,no_diabetic_retinopathy,train_images\aptos_02965.png
aptos_02966,4,proliferative_retinopathy,train_images\aptos_02966.png
aptos_02967,0,no_diabetic_retinopathy,train_images\aptos_02967.png
aptos_02968,4,proliferative_retinopathy,train_images\aptos_02968.png
aptos_02969,2,moderate_retinopathy,train_images\aptos_02969.png
aptos_02970,3,severe_retinopathy,train_images\aptos_02970.png
aptos_02971,0,no_diabetic_retinopathy,train_images\aptos_02971.png
aptos_02972,0,no_diabetic_retinopathy,train_images\aptos_02972.png
aptos_02973,2,moderate_retinopathy,train_images\aptos_02973.png
aptos_02974,0,no_diabetic_retinopathy,train_images\aptos_02974.png
aptos_02975,2,moderate_retinopathy,train_images\aptos_02975.png
aptos_02976,0,no_diabetic_retinopathy,train_images\aptos_02976.png
aptos_02977,2,moderate_retinopathy,train_images\aptos_02977.png
aptos_02978,0,no_diabetic_retinopathy,train_images\aptos_02978.png
aptos_02979,1,mild_retinopathy,train_images\aptos_02979.png
aptos_02980,2,moderate_retinopathy,train_images\aptos_02980.png
aptos_02981,4,proliferative_retinopathy,train_images\aptos_02981.png
aptos_02982,1,mild_retinopathy,train_images\aptos_02982.png
aptos_02983,0,no_diabetic_retinopathy,train_images\aptos_02983.png
aptos_02984,0,no_diabetic_retinopathy,train_images\aptos_02984.png
aptos_02985,0,no_diabetic_retinopathy,train_images\aptos_02985.png
aptos_02986,0,no_diabetic_retinopathy,train_images\aptos_02986.png
aptos_02987,1,mild_retinopathy,train_images\aptos_02987.png
aptos_02988,0,no_diabetic_retinopathy,train_images\aptos_02988.png
aptos_02989,0,no_diabetic_retinopathy,train_images\aptos_02989.png
aptos_02990,0,no_diabetic_retinopathy,train_images\aptos_02990.png
aptos_02991,0,no_diabetic_retinopathy,train_images\aptos_02991.png
aptos_02992,3,severe_retinopathy,train_images\aptos_02992.png
aptos_02993,0,no_diabetic_retinopathy,train_images\aptos_02993.png
aptos_02994,3,severe_retinopathy,train_images\aptos_02994.png
aptos_02995,1,mild_retinopathy,train_images\aptos_02995.png
aptos_02996,0,no_diabetic_retinopathy,train_images\aptos_02996.png
aptos_02997,4,proliferative_retinopathy,train_images\aptos_02997.png
aptos_02998,1,mild_retinopathy,train_images\aptos_02998.png
aptos_02999,3,severe_retinopathy,train_images\aptos_02999.png
aptos_03000,2,moderate_retinopathy,train_images\aptos_03000.png
aptos_03001,4,proliferative_retinopathy,train_images\aptos_03001.png
aptos_03002,2,moderate_retinopathy,train_images\aptos_03002.png
aptos_03003,2,moderate_retinopathy,train_images\aptos_03003.png
aptos_03004,2,moderate_retinopathy,train_images\aptos_03004.png
aptos_03005,0,no_diabetic_retinopathy,train_images\aptos_03005.png
aptos_03006,3,severe_retinopathy,train_images\aptos_03006.png
aptos_03007,0,no_diabetic_retinopathy,train_images\aptos_03007.png
aptos_03008,0,no_diabetic_retinopathy,train_images\aptos_03008.png
aptos_03009,2,moderate_retinopathy,train_images\aptos_03009.png
aptos_03010,2,moderate_retinopathy,train_images\aptos_03010.png
aptos_03011,2,moderate_retinopathy,train_images\aptos_03011.png
aptos_03012,0,no_diabetic_retinopathy,train_images\aptos_03012.png
aptos_03013,4,proliferative_retinopathy,train_images\aptos_03013.png
aptos_03014,0,no_diabetic_retinopathy,train_images\aptos_03014.png
aptos_03015,0,no_diabetic_retinopathy,train_images\aptos_03015.png
aptos_03016,0,no_diabetic_retinopathy,train_images\aptos_03016.png
aptos_03017,0,no_diabetic_retinopathy,train_images\aptos_03017.png
aptos_03018,1,mild_retinopathy,train_images\aptos_03018.png
aptos_03019,0,no_diabetic_retinopathy,train_images\aptos_03019.png
aptos_03020,2,moderate_retinopathy,train_images\aptos_03020.png
aptos_03021,0,no_diabetic_retinopathy,train_images\aptos_03021.png
aptos_03022,0,no_diabetic_retinopathy,train_images\aptos_03022.png
aptos_03023,2,moderate_retinopathy,train_images\aptos_03023.png
aptos_03024,2,moderate_retinopathy,train_images\aptos_03024.png
aptos_03025,2,moderate_retinopathy,train_images\aptos_03025.png
aptos_03026,0,no_diabetic_retinopathy,train_images\aptos_03026.png
aptos_03027,0,no_diabetic_retinopathy,train_images\aptos_03027.png
aptos_03028,4,proliferative_retinopathy,train_images\aptos_03028.png
aptos_03029,0,no_diabetic_retinopathy,train_images\aptos_03029.png
aptos_03030,2,moderate_retinopathy,train_images\aptos_03030.png
aptos_03031,4,proliferative_retinopathy,train_images\aptos_03031.png
aptos_03032,2,moderate_retinopathy,train_images\aptos_03032.png
aptos_03033,0,no_diabetic_retinopathy,train_images\aptos_03033.png
aptos_03034,0,no_diabetic_retinopathy,train_images\aptos_03034.png
aptos_03035,4,proliferative_retinopathy,train_images\aptos_03035.png
aptos_03036,0,no_diabetic_retinopathy,train_images\aptos_03036.png
aptos_03037,2,moderate_retinopathy,train_images\aptos_03037.png
aptos_03038,0,no_diabetic_retinopathy,train_images\aptos_03038.png
aptos_03039,0,no_diabetic_retinopathy,train_images\aptos_03039.png
aptos_03040,0,no_diabetic_retinopathy,train_images\aptos_03040.png
aptos_03041,0,no_diabetic_retinopathy,train_images\aptos_03041.png
aptos_03042,3,severe_retinopathy,train_images\aptos_03042.png
aptos_03043,0,no_diabetic_retinopathy,train_images\aptos_03043.png
aptos_03044,0,no_diabetic_retinopathy,train_images\aptos_03044.png
aptos_03045,2,moderate_retinopathy,train_images\aptos_03045.png
aptos_03046,0,no_diabetic_retinopathy,train_images\aptos_03046.png
aptos_03047,0,no_diabetic_retinopathy,train_images\aptos_03047.png
aptos_03048,2,moderate_retinopathy,train_images\aptos_03048.png
aptos_03049,2,moderate_retinopathy,train_images\aptos_03049.png
aptos_03050,1,mild_retinopathy,train_images\aptos_03050.png
aptos_03051,0,no_diabetic_retinopathy,train_images\aptos_03051.png
aptos_03052,0,no_diabetic_retinopathy,train_images\aptos_03052.png
aptos_03053,3,severe_retinopathy,train_images\aptos_03053.png
aptos_03054,2,moderate_retinopathy,train_images\aptos_03054.png
aptos_03055,0,no_diabetic_retinopathy,train_images\aptos_03055.png
aptos_03056,0,no_diabetic_retinopathy,train_images\aptos_03056.png
aptos_03057,2,moderate_retinopathy,train_images\aptos_03057.png
aptos_03058,4,proliferative_retinopathy,train_images\aptos_03058.png
aptos_03059,0,no_diabetic_retinopathy,train_images\aptos_03059.png
aptos_03060,2,moderate_retinopathy,train_images\aptos_03060.png
aptos_03061,1,mild_retinopathy,train_images\aptos_03061.png
aptos_03062,0,no_diabetic_retinopathy,train_images\aptos_03062.png
aptos_03063,4,proliferative_retinopathy,train_images\aptos_03063.png
aptos_03064,0,no_diabetic_retinopathy,train_images\aptos_03064.png
aptos_03065,0,no_diabetic_retinopathy,train_images\aptos_03065.png
aptos_03066,1,mild_retinopathy,train_images\aptos_03066.png
aptos_03067,0,no_diabetic_retinopathy,train_images\aptos_03067.png
aptos_03068,0,no_diabetic_retinopathy,train_images\aptos_03068.png
aptos_03069,2,moderate_retinopathy,train_images\aptos_03069.png
aptos_03070,0,no_diabetic_retinopathy,train_images\aptos_03070.png
aptos_03071,1,mild_retinopathy,train_images\aptos_03071.png
aptos_03072,0,no_diabetic_retinopathy,train_images\aptos_03072.png
aptos_03073,0,no_diabetic_retinopathy,train_images\aptos_03073.png
aptos_03074,2,moderate_retinopathy,train_images\aptos_03074.png
aptos_03075,2,moderate_retinopathy,train_images\aptos_03075.png
aptos_03076,4,proliferative_retinopathy,train_images\aptos_03076.png
aptos_03077,0,no_diabetic_retinopathy,train_images\aptos_03077.png
aptos_03078,1,mild_retinopathy,train_images\aptos_03078.png
aptos_03079,1,mild_retinopathy,train_images\aptos_03079.png
aptos_03080,2,moderate_retinopathy,train_images\aptos_03080.png
aptos_03081,0,no_diabetic_retinopathy,train_images\aptos_03081.png
aptos_03082,0,no_diabetic_retinopathy,train_images\aptos_03082.png
aptos_03083,0,no_diabetic_retinopathy,train_images\aptos_03083.png
aptos_03084,0,no_diabetic_retinopathy,train_images\aptos_03084.png
aptos_03085,0,no_diabetic_retinopathy,train_images\aptos_03085.png
aptos_03086,1,mild_retinopathy,train_images\aptos_03086.png
aptos_03087,0,no_diabetic_retinopathy,train_images\aptos_03087.png
aptos_03088,0,no_diabetic_retinopathy,train_images\aptos_03088.png
aptos_03089,0,no_diabetic_retinopathy,train_images\aptos_03089.png
aptos_03090,0,no_diabetic_retinopathy,train_images\aptos_03090.png
aptos_03091,0,no_diabetic_retinopathy,train_images\aptos_03091.png
aptos_03092,0,no_diabetic_retinopathy,train_images\aptos_03092.png
aptos_03093,0,no_diabetic_retinopathy,train_images\aptos_03093.png
aptos_03094,0,no_diabetic_retinopathy,train_images\aptos_03094.png
aptos_03095,0,no_diabetic_retinopathy,train_images\aptos_03095.png
aptos_03096,0,no_diabetic_retinopathy,train_images\aptos_03096.png
aptos_03097,0,no_diabetic_retinopathy,train_images\aptos_03097.png
aptos_03098,0,no_diabetic_retinopathy,train_images\aptos_03098.png
aptos_03099,1,mild_retinopathy,train_images\aptos_03099.png
aptos_03100,4,proliferative_retinopathy,train_images\aptos_03100.png
aptos_03101,0,no_diabetic_retinopathy,train_images\aptos_03101.png
aptos_03102,2,moderate_retinopathy,train_images\aptos_03102.png
aptos_03103,2,moderate_retinopathy,train_images\aptos_03103.png
aptos_03104,0,no_diabetic_retinopathy,train_images\aptos_03104.png
aptos_03105,2,moderate_retinopathy,train_images\aptos_03105.png
aptos_03106,2,moderate_retinopathy,train_images\aptos_03106.png
aptos_03107,2,moderate_retinopathy,train_images\aptos_03107.png
aptos_03108,0,no_diabetic_retinopathy,train_images\aptos_03108.png
aptos_03109,1,mild_retinopathy,train_images\aptos_03109.png
aptos_03110,2,moderate_retinopathy,train_images\aptos_03110.png
aptos_03111,1,mild_retinopathy,train_images\aptos_03111.png
aptos_03112,4,proliferative_retinopathy,train_images\aptos_03112.png
aptos_03113,0,no_diabetic_retinopathy,train_images\aptos_03113.png
aptos_03114,0,no_diabetic_retinopathy,train_images\aptos_03114.png
aptos_03115,3,severe_retinopathy,train_images\aptos_03115.png
aptos_03116,0,no_diabetic_retinopathy,train_images\aptos_03116.png
aptos_03117,0,no_diabetic_retinopathy,train_images\aptos_03117.png
aptos_03118,2,moderate_retinopathy,train_images\aptos_03118.png
aptos_03119,0,no_diabetic_retinopathy,train_images\aptos_03119.png
aptos_03120,2,moderate_retinopathy,train_images\aptos_03120.png
aptos_03121,0,no_diabetic_retinopathy,train_images\aptos_03121.png
aptos_03122,0,no_diabetic_retinopathy,train_images\aptos_03122.png
aptos_03123,2,moderate_retinopathy,train_images\aptos_03123.png
aptos_03124,0,no_diabetic_retinopathy,train_images\aptos_03124.png
aptos_03125,2,moderate_retinopathy,train_images\aptos_03125.png
aptos_03126,0,no_diabetic_retinopathy,train_images\aptos_03126.png
aptos_03127,2,moderate_retinopathy,train_images\aptos_03127.png
aptos_03128,2,moderate_retinopathy,train_images\aptos_03128.png
aptos_03129,2,moderate_retinopathy,train_images\aptos_03129.png
aptos_03130,2,moderate_retinopathy,train_images\aptos_03130.png
aptos_03131,0,no_diabetic_retinopathy,train_images\aptos_03131.png
aptos_03132,2,moderate_retinopathy,train_images\aptos_03132.png
aptos_03133,2,moderate_retinopathy,train_images\aptos_03133.png
aptos_03134,0,no_diabetic_retinopathy,train_images\aptos_03134.png
aptos_03135,0,no_diabetic_retinopathy,train_images\aptos_03135.png
aptos_03136,2,moderate_retinopathy,train_images\aptos_03136.png
aptos_03137,0,no_diabetic_retinopathy,train_images\aptos_03137.png
aptos_03138,4,proliferative_retinopathy,train_images\aptos_03138.png
aptos_03139,2,moderate_retinopathy,train_images\aptos_03139.png
aptos_03140,0,no_diabetic_retinopathy,train_images\aptos_03140.png
aptos_03141,0,no_diabetic_retinopathy,train_images\aptos_03141.png
aptos_03142,0,no_diabetic_retinopathy,train_images\aptos_03142.png
aptos_03143,2,moderate_retinopathy,train_images\aptos_03143.png
aptos_03144,0,no_diabetic_retinopathy,train_images\aptos_03144.png
aptos_03145,1,mild_retinopathy,train_images\aptos_03145.png
aptos_03146,0,no_diabetic_retinopathy,train_images\aptos_03146.png
aptos_03147,0,no_diabetic_retinopathy,train_images\aptos_03147.png
aptos_03148,2,moderate_retinopathy,train_images\aptos_03148.png
aptos_03149,0,no_diabetic_retinopathy,train_images\aptos_03149.png
aptos_03150,0,no_diabetic_retinopathy,train_images\aptos_03150.png
aptos_03151,2,moderate_retinopathy,train_images\aptos_03151.png
aptos_03152,0,no_diabetic_retinopathy,train_images\aptos_03152.png
aptos_03153,0,no_diabetic_retinopathy,train_images\aptos_03153.png
aptos_03154,0,no_diabetic_retinopathy,train_images\aptos_03154.png
aptos_03155,0,no_diabetic_retinopathy,train_images\aptos_03155.png
aptos_03156,0,no_diabetic_retinopathy,train_images\aptos_03156.png
aptos_03157,4,proliferative_retinopathy,train_images\aptos_03157.png
aptos_03158,2,moderate_retinopathy,train_images\aptos_03158.png
aptos_03159,0,no_diabetic_retinopathy,train_images\aptos_03159.png
aptos_03160,0,no_diabetic_retinopathy,train_images\aptos_03160.png
aptos_03161,2,moderate_retinopathy,train_images\aptos_03161.png
aptos_03162,1,mild_retinopathy,train_images\aptos_03162.png
aptos_03163,0,no_diabetic_retinopathy,train_images\aptos_03163.png
aptos_03164,0,no_diabetic_retinopathy,train_images\aptos_03164.png
aptos_03165,1,mild_retinopathy,train_images\aptos_03165.png
aptos_03166,3,severe_retinopathy,train_images\aptos_03166.png
aptos_03167,1,mild_retinopathy,train_images\aptos_03167.png
aptos_03168,2,moderate_retinopathy,train_images\aptos_03168.png
aptos_03169,3,severe_retinopathy,train_images\aptos_03169.png
aptos_03170,0,no_diabetic_retinopathy,train_images\aptos_03170.png
aptos_03171,0,no_diabetic_retinopathy,train_images\aptos_03171.png
aptos_03172,2,moderate_retinopathy,train_images\aptos_03172.png
aptos_03173,2,moderate_retinopathy,train_images\aptos_03173.png
aptos_03174,0,no_diabetic_retinopathy,train_images\aptos_03174.png
aptos_03175,0,no_diabetic_retinopathy,train_images\aptos_03175.png
aptos_03176,0,no_diabetic_retinopathy,train_images\aptos_03176.png
aptos_03177,0,no_diabetic_retinopathy,train_images\aptos_03177.png
aptos_03178,0,no_diabetic_retinopathy,train_images\aptos_03178.png
aptos_03179,2,moderate_retinopathy,train_images\aptos_03179.png
aptos_03180,1,mild_retinopathy,train_images\aptos_03180.png
aptos_03181,0,no_diabetic_retinopathy,train_images\aptos_03181.png
aptos_03182,0,no_diabetic_retinopathy,train_images\aptos_03182.png
aptos_03183,3,severe_retinopathy,train_images\aptos_03183.png
aptos_03184,0,no_diabetic_retinopathy,train_images\aptos_03184.png
aptos_03185,0,no_diabetic_retinopathy,train_images\aptos_03185.png
aptos_03186,2,moderate_retinopathy,train_images\aptos_03186.png
aptos_03187,4,proliferative_retinopathy,train_images\aptos_03187.png
aptos_03188,0,no_diabetic_retinopathy,train_images\aptos_03188.png
aptos_03189,0,no_diabetic_retinopathy,train_images\aptos_03189.png
aptos_03190,0,no_diabetic_retinopathy,train_images\aptos_03190.png
aptos_03191,0,no_diabetic_retinopathy,train_images\aptos_03191.png
aptos_03192,2,moderate_retinopathy,train_images\aptos_03192.png
aptos_03193,0,no_diabetic_retinopathy,train_images\aptos_03193.png
aptos_03194,0,no_diabetic_retinopathy,train_images\aptos_03194.png
aptos_03195,0,no_diabetic_retinopathy,train_images\aptos_03195.png
aptos_03196,0,no_diabetic_retinopathy,train_images\aptos_03196.png
aptos_03197,2,moderate_retinopathy,train_images\aptos_03197.png
aptos_03198,0,no_diabetic_retinopathy,train_images\aptos_03198.png
aptos_03199,0,no_diabetic_retinopathy,train_images\aptos_03199.png
aptos_03200,0,no_diabetic_retinopathy,train_images\aptos_03200.png
aptos_03201,0,no_diabetic_retinopathy,train_images\aptos_03201.png
aptos_03202,2,moderate_retinopathy,train_images\aptos_03202.png
aptos_03203,0,no_diabetic_retinopathy,train_images\aptos_03203.png
aptos_03204,2,moderate_retinopathy,train_images\aptos_03204.png
aptos_03205,4,proliferative_retinopathy,train_images\aptos_03205.png
aptos_03206,4,proliferative_retinopathy,train_images\aptos_03206.png
aptos_03207,2,moderate_retinopathy,train_images\aptos_03207.png
aptos_03208,0,no_diabetic_retinopathy,train_images\aptos_03208.png
aptos_03209,2,moderate_retinopathy,train_images\aptos_03209.png
aptos_03210,2,moderate_retinopathy,train_images\aptos_03210.png
aptos_03211,4,proliferative_retinopathy,train_images\aptos_03211.png
aptos_03212,0,no_diabetic_retinopathy,train_images\aptos_03212.png
aptos_03213,0,no_diabetic_retinopathy,train_images\aptos_03213.png
aptos_03214,0,no_diabetic_retinopathy,train_images\aptos_03214.png
aptos_03215,4,proliferative_retinopathy,train_images\aptos_03215.png
aptos_03216,0,no_diabetic_retinopathy,train_images\aptos_03216.png
aptos_03217,0,no_diabetic_retinopathy,train_images\aptos_03217.png
aptos_03218,4,proliferative_retinopathy,train_images\aptos_03218.png
aptos_03219,0,no_diabetic_retinopathy,train_images\aptos_03219.png
aptos_03220,2,moderate_retinopathy,train_images\aptos_03220.png
aptos_03221,0,no_diabetic_retinopathy,train_images\aptos_03221.png
aptos_03222,0,no_diabetic_retinopathy,train_images\aptos_03222.png
aptos_03223,0,no_diabetic_retinopathy,train_images\aptos_03223.png
aptos_03224,2,moderate_retinopathy,train_images\aptos_03224.png
aptos_03225,1,mild_retinopathy,train_images\aptos_03225.png
aptos_03226,2,moderate_retinopathy,train_images\aptos_03226.png
aptos_03227,0,no_diabetic_retinopathy,train_images\aptos_03227.png
aptos_03228,3,severe_retinopathy,train_images\aptos_03228.png
aptos_03229,0,no_diabetic_retinopathy,train_images\aptos_03229.png
aptos_03230,2,moderate_retinopathy,train_images\aptos_03230.png
aptos_03231,2,moderate_retinopathy,train_images\aptos_03231.png
aptos_03232,2,moderate_retinopathy,train_images\aptos_03232.png
aptos_03233,0,no_diabetic_retinopathy,train_images\aptos_03233.png
aptos_03234,0,no_diabetic_retinopathy,train_images\aptos_03234.png
aptos_03235,3,severe_retinopathy,train_images\aptos_03235.png
aptos_03236,0,no_diabetic_retinopathy,train_images\aptos_03236.png
aptos_03237,2,moderate_retinopathy,train_images\aptos_03237.png
aptos_03238,2,moderate_retinopathy,train_images\aptos_03238.png
aptos_03239,0,no_diabetic_retinopathy,train_images\aptos_03239.png
aptos_03240,0,no_diabetic_retinopathy,train_images\aptos_03240.png
aptos_03241,2,moderate_retinopathy,train_images\aptos_03241.png
aptos_03242,2,moderate_retinopathy,train_images\aptos_03242.png
aptos_03243,3,severe_retinopathy,train_images\aptos_03243.png
aptos_03244,3,severe_retinopathy,train_images\aptos_03244.png
aptos_03245,0,no_diabetic_retinopathy,train_images\aptos_03245.png
aptos_03246,0,no_diabetic_retinopathy,train_images\aptos_03246.png
aptos_03247,0,no_diabetic_retinopathy,train_images\aptos_03247.png
aptos_03248,0,no_diabetic_retinopathy,train_images\aptos_03248.png
aptos_03249,2,moderate_retinopathy,train_images\aptos_03249.png
aptos_03250,3,severe_retinopathy,train_images\aptos_03250.png
aptos_03251,2,moderate_retinopathy,train_images\aptos_03251.png
aptos_03252,0,no_diabetic_retinopathy,train_images\aptos_03252.png
aptos_03253,2,moderate_retinopathy,train_images\aptos_03253.png
aptos_03254,4,proliferative_retinopathy,train_images\aptos_03254.png
aptos_03255,0,no_diabetic_retinopathy,train_images\aptos_03255.png
aptos_03256,0,no_diabetic_retinopathy,train_images\aptos_03256.png
aptos_03257,1,mild_retinopathy,train_images\aptos_03257.png
aptos_03258,2,moderate_retinopathy,train_images\aptos_03258.png
aptos_03259,0,no_diabetic_retinopathy,train_images\aptos_03259.png
aptos_03260,1,mild_retinopathy,train_images\aptos_03260.png
aptos_03261,2,moderate_retinopathy,train_images\aptos_03261.png
aptos_03262,0,no_diabetic_retinopathy,train_images\aptos_03262.png
aptos_03263,1,mild_retinopathy,train_images\aptos_03263.png
aptos_03264,2,moderate_retinopathy,train_images\aptos_03264.png
aptos_03265,0,no_diabetic_retinopathy,train_images\aptos_03265.png
aptos_03266,0,no_diabetic_retinopathy,train_images\aptos_03266.png
aptos_03267,0,no_diabetic_retinopathy,train_images\aptos_03267.png
aptos_03268,0,no_diabetic_retinopathy,train_images\aptos_03268.png
aptos_03269,2,moderate_retinopathy,train_images\aptos_03269.png
aptos_03270,0,no_diabetic_retinopathy,train_images\aptos_03270.png
aptos_03271,3,severe_retinopathy,train_images\aptos_03271.png
aptos_03272,4,proliferative_retinopathy,train_images\aptos_03272.png
aptos_03273,0,no_diabetic_retinopathy,train_images\aptos_03273.png
aptos_03274,2,moderate_retinopathy,train_images\aptos_03274.png
aptos_03275,2,moderate_retinopathy,train_images\aptos_03275.png
aptos_03276,1,mild_retinopathy,train_images\aptos_03276.png
aptos_03277,4,proliferative_retinopathy,train_images\aptos_03277.png
aptos_03278,2,moderate_retinopathy,train_images\aptos_03278.png
aptos_03279,4,proliferative_retinopathy,train_images\aptos_03279.png
aptos_03280,0,no_diabetic_retinopathy,train_images\aptos_03280.png
aptos_03281,0,no_diabetic_retinopathy,train_images\aptos_03281.png
aptos_03282,2,moderate_retinopathy,train_images\aptos_03282.png
aptos_03283,4,proliferative_retinopathy,train_images\aptos_03283.png
aptos_03284,2,moderate_retinopathy,train_images\aptos_03284.png
aptos_03285,3,severe_retinopathy,train_images\aptos_03285.png
aptos_03286,0,no_diabetic_retinopathy,train_images\aptos_03286.png
aptos_03287,4,proliferative_retinopathy,train_images\aptos_03287.png
aptos_03288,0,no_diabetic_retinopathy,train_images\aptos_03288.png
aptos_03289,0,no_diabetic_retinopathy,train_images\aptos_03289.png
aptos_03290,2,moderate_retinopathy,train_images\aptos_03290.png
aptos_03291,0,no_diabetic_retinopathy,train_images\aptos_03291.png
aptos_03292,0,no_diabetic_retinopathy,train_images\aptos_03292.png
aptos_03293,0,no_diabetic_retinopathy,train_images\aptos_03293.png
aptos_03294,0,no_diabetic_retinopathy,train_images\aptos_03294.png
aptos_03295,0,no_diabetic_retinopathy,train_images\aptos_03295.png
aptos_03296,0,no_diabetic_retinopathy,train_images\aptos_03296.png
aptos_03297,2,moderate_retinopathy,train_images\aptos_03297.png
aptos_03298,4,proliferative_retinopathy,train_images\aptos_03298.png
aptos_03299,0,no_diabetic_retinopathy,train_images\aptos_03299.png
aptos_03300,0,no_diabetic_retinopathy,train_images\aptos_03300.png
aptos_03301,0,no_diabetic_retinopathy,train_images\aptos_03301.png
aptos_03302,3,severe_retinopathy,train_images\aptos_03302.png
aptos_03303,2,moderate_retinopathy,train_images\aptos_03303.png
aptos_03304,1,mild_retinopathy,train_images\aptos_03304.png
aptos_03305,1,mild_retinopathy,train_images\aptos_03305.png
aptos_03306,0,no_diabetic_retinopathy,train_images\aptos_03306.png
aptos_03307,0,no_diabetic_retinopathy,train_images\aptos_03307.png
aptos_03308,2,moderate_retinopathy,train_images\aptos_03308.png
aptos_03309,0,no_diabetic_retinopathy,train_images\aptos_03309.png
aptos_03310,2,moderate_retinopathy,train_images\aptos_03310.png
aptos_03311,0,no_diabetic_retinopathy,train_images\aptos_03311.png
aptos_03312,0,no_diabetic_retinopathy,train_images\aptos_03312.png
aptos_03313,0,no_diabetic_retinopathy,train_images\aptos_03313.png
aptos_03314,0,no_diabetic_retinopathy,train_images\aptos_03314.png
aptos_03315,4,proliferative_retinopathy,train_images\aptos_03315.png
aptos_03316,0,no_diabetic_retinopathy,train_images\aptos_03316.png
aptos_03317,0,no_diabetic_retinopathy,train_images\aptos_03317.png
aptos_03318,2,moderate_retinopathy,train_images\aptos_03318.png
aptos_03319,2,moderate_retinopathy,train_images\aptos_03319.png
aptos_03320,2,moderate_retinopathy,train_images\aptos_03320.png
aptos_03321,0,no_diabetic_retinopathy,train_images\aptos_03321.png
aptos_03322,0,no_diabetic_retinopathy,train_images\aptos_03322.png
aptos_03323,0,no_diabetic_retinopathy,train_images\aptos_03323.png
aptos_03324,0,no_diabetic_retinopathy,train_images\aptos_03324.png
aptos_03325,0,no_diabetic_retinopathy,train_images\aptos_03325.png
aptos_03326,2,moderate_retinopathy,train_images\aptos_03326.png
aptos_03327,0,no_diabetic_retinopathy,train_images\aptos_03327.png
aptos_03328,2,moderate_retinopathy,train_images\aptos_03328.png
aptos_03329,2,moderate_retinopathy,train_images\aptos_03329.png
aptos_03330,2,moderate_retinopathy,train_images\aptos_03330.png
aptos_03331,0,no_diabetic_retinopathy,train_images\aptos_03331.png
aptos_03332,4,proliferative_retinopathy,train_images\aptos_03332.png
aptos_03333,2,moderate_retinopathy,train_images\aptos_03333.png
aptos_03334,0,no_diabetic_retinopathy,train_images\aptos_03334.png
aptos_03335,3,severe_retinopathy,train_images\aptos_03335.png
aptos_03336,0,no_diabetic_retinopathy,train_images\aptos_03336.png
aptos_03337,0,no_diabetic_retinopathy,train_images\aptos_03337.png
aptos_03338,2,moderate_retinopathy,train_images\aptos_03338.png
aptos_03339,2,moderate_retinopathy,train_images\aptos_03339.png
aptos_03340,0,no_diabetic_retinopathy,train_images\aptos_03340.png
aptos_03341,4,proliferative_retinopathy,train_images\aptos_03341.png
aptos_03342,2,moderate_retinopathy,train_images\aptos_03342.png
aptos_03343,2,moderate_retinopathy,train_images\aptos_03343.png
aptos_03344,2,moderate_retinopathy,train_images\aptos_03344.png
aptos_03345,0,no_diabetic_retinopathy,train_images\aptos_03345.png
aptos_03346,4,proliferative_retinopathy,train_images\aptos_03346.png
aptos_03347,0,no_diabetic_retinopathy,train_images\aptos_03347.png
aptos_03348,2,moderate_retinopathy,train_images\aptos_03348.png
aptos_03349,2,moderate_retinopathy,train_images\aptos_03349.png
aptos_03350,2,moderate_retinopathy,train_images\aptos_03350.png
aptos_03351,0,no_diabetic_retinopathy,train_images\aptos_03351.png
aptos_03352,3,severe_retinopathy,train_images\aptos_03352.png
aptos_03353,0,no_diabetic_retinopathy,train_images\aptos_03353.png
aptos_03354,0,no_diabetic_retinopathy,train_images\aptos_03354.png
aptos_03355,0,no_diabetic_retinopathy,train_images\aptos_03355.png
aptos_03356,2,moderate_retinopathy,train_images\aptos_03356.png
aptos_03357,1,mild_retinopathy,train_images\aptos_03357.png
aptos_03358,0,no_diabetic_retinopathy,train_images\aptos_03358.png
aptos_03359,3,severe_retinopathy,train_images\aptos_03359.png
aptos_03360,2,moderate_retinopathy,train_images\aptos_03360.png
aptos_03361,0,no_diabetic_retinopathy,train_images\aptos_03361.png
aptos_03362,0,no_diabetic_retinopathy,train_images\aptos_03362.png
aptos_03363,1,mild_retinopathy,train_images\aptos_03363.png
aptos_03364,0,no_diabetic_retinopathy,train_images\aptos_03364.png
aptos_03365,4,proliferative_retinopathy,train_images\aptos_03365.png
aptos_03366,0,no_diabetic_retinopathy,train_images\aptos_03366.png
aptos_03367,0,no_diabetic_retinopathy,train_images\aptos_03367.png
aptos_03368,2,moderate_retinopathy,train_images\aptos_03368.png
aptos_03369,0,no_diabetic_retinopathy,train_images\aptos_03369.png
aptos_03370,1,mild_retinopathy,train_images\aptos_03370.png
aptos_03371,2,moderate_retinopathy,train_images\aptos_03371.png
aptos_03372,1,mild_retinopathy,train_images\aptos_03372.png
aptos_03373,2,moderate_retinopathy,train_images\aptos_03373.png
aptos_03374,0,no_diabetic_retinopathy,train_images\aptos_03374.png
aptos_03375,2,moderate_retinopathy,train_images\aptos_03375.png
aptos_03376,2,moderate_retinopathy,train_images\aptos_03376.png
aptos_03377,0,no_diabetic_retinopathy,train_images\aptos_03377.png
aptos_03378,0,no_diabetic_retinopathy,train_images\aptos_03378.png
aptos_03379,0,no_diabetic_retinopathy,train_images\aptos_03379.png
aptos_03380,0,no_diabetic_retinopathy,train_images\aptos_03380.png
aptos_03381,0,no_diabetic_retinopathy,train_images\aptos_03381.png
aptos_03382,2,moderate_retinopathy,train_images\aptos_03382.png
aptos_03383,4,proliferative_retinopathy,train_images\aptos_03383.png
aptos_03384,0,no_diabetic_retinopathy,train_images\aptos_03384.png
aptos_03385,0,no_diabetic_retinopathy,train_images\aptos_03385.png
aptos_03386,1,mild_retinopathy,train_images\aptos_03386.png
aptos_03387,4,proliferative_retinopathy,train_images\aptos_03387.png
aptos_03388,2,moderate_retinopathy,train_images\aptos_03388.png
aptos_03389,0,no_diabetic_retinopathy,train_images\aptos_03389.png
aptos_03390,2,moderate_retinopathy,train_images\aptos_03390.png
aptos_03391,0,no_diabetic_retinopathy,train_images\aptos_03391.png
aptos_03392,0,no_diabetic_retinopathy,train_images\aptos_03392.png
aptos_03393,2,moderate_retinopathy,train_images\aptos_03393.png
aptos_03394,4,proliferative_retinopathy,train_images\aptos_03394.png
aptos_03395,2,moderate_retinopathy,train_images\aptos_03395.png
aptos_03396,0,no_diabetic_retinopathy,train_images\aptos_03396.png
aptos_03397,1,mild_retinopathy,train_images\aptos_03397.png
aptos_03398,0,no_diabetic_retinopathy,train_images\aptos_03398.png
aptos_03399,4,proliferative_retinopathy,train_images\aptos_03399.png
aptos_03400,0,no_diabetic_retinopathy,train_images\aptos_03400.png
aptos_03401,0,no_diabetic_retinopathy,train_images\aptos_03401.png
aptos_03402,0,no_diabetic_retinopathy,train_images\aptos_03402.png
aptos_03403,0,no_diabetic_retinopathy,train_images\aptos_03403.png
aptos_03404,1,mild_retinopathy,train_images\aptos_03404.png
aptos_03405,0,no_diabetic_retinopathy,train_images\aptos_03405.png
aptos_03406,0,no_diabetic_retinopathy,train_images\aptos_03406.png
aptos_03407,0,no_diabetic_retinopathy,train_images\aptos_03407.png
aptos_03408,0,no_diabetic_retinopathy,train_images\aptos_03408.png
aptos_03409,0,no_diabetic_retinopathy,train_images\aptos_03409.png
aptos_03410,4,proliferative_retinopathy,train_images\aptos_03410.png
aptos_03411,2,moderate_retinopathy,train_images\aptos_03411.png
aptos_03412,0,no_diabetic_retinopathy,train_images\aptos_03412.png
aptos_03413,0,no_diabetic_retinopathy,train_images\aptos_03413.png
aptos_03414,4,proliferative_retinopathy,train_images\aptos_03414.png
aptos_03415,0,no_diabetic_retinopathy,train_images\aptos_03415.png
aptos_03416,0,no_diabetic_retinopathy,train_images\aptos_03416.png
aptos_03417,3,severe_retinopathy,train_images\aptos_03417.png
aptos_03418,0,no_diabetic_retinopathy,train_images\aptos_03418.png
aptos_03419,2,moderate_retinopathy,train_images\aptos_03419.png
aptos_03420,0,no_diabetic_retinopathy,train_images\aptos_03420.png
aptos_03421,0,no_diabetic_retinopathy,train_images\aptos_03421.png
aptos_03422,0,no_diabetic_retinopathy,train_images\aptos_03422.png
aptos_03423,2,moderate_retinopathy,train_images\aptos_03423.png
aptos_03424,2,moderate_retinopathy,train_images\aptos_03424.png
aptos_03425,4,proliferative_retinopathy,train_images\aptos_03425.png
aptos_03426,2,moderate_retinopathy,train_images\aptos_03426.png
aptos_03427,0,no_diabetic_retinopathy,train_images\aptos_03427.png
aptos_03428,0,no_diabetic_retinopathy,train_images\aptos_03428.png
aptos_03429,0,no_diabetic_retinopathy,train_images\aptos_03429.png
aptos_03430,2,moderate_retinopathy,train_images\aptos_03430.png
aptos_03431,2,moderate_retinopathy,train_images\aptos_03431.png
aptos_03432,0,no_diabetic_retinopathy,train_images\aptos_03432.png
aptos_03433,1,mild_retinopathy,train_images\aptos_03433.png
aptos_03434,0,no_diabetic_retinopathy,train_images\aptos_03434.png
aptos_03435,1,mild_retinopathy,train_images\aptos_03435.png
aptos_03436,0,no_diabetic_retinopathy,train_images\aptos_03436.png
aptos_03437,1,mild_retinopathy,train_images\aptos_03437.png
aptos_03438,0,no_diabetic_retinopathy,train_images\aptos_03438.png
aptos_03439,0,no_diabetic_retinopathy,train_images\aptos_03439.png
aptos_03440,4,proliferative_retinopathy,train_images\aptos_03440.png
aptos_03441,0,no_diabetic_retinopathy,train_images\aptos_03441.png
aptos_03442,0,no_diabetic_retinopathy,train_images\aptos_03442.png
aptos_03443,0,no_diabetic_retinopathy,train_images\aptos_03443.png
aptos_03444,0,no_diabetic_retinopathy,train_images\aptos_03444.png
aptos_03445,2,moderate_retinopathy,train_images\aptos_03445.png
aptos_03446,0,no_diabetic_retinopathy,train_images\aptos_03446.png
aptos_03447,1,mild_retinopathy,train_images\aptos_03447.png
aptos_03448,0,no_diabetic_retinopathy,train_images\aptos_03448.png
aptos_03449,0,no_diabetic_retinopathy,train_images\aptos_03449.png
aptos_03450,0,no_diabetic_retinopathy,train_images\aptos_03450.png
aptos_03451,2,moderate_retinopathy,train_images\aptos_03451.png
aptos_03452,0,no_diabetic_retinopathy,train_images\aptos_03452.png
aptos_03453,4,proliferative_retinopathy,train_images\aptos_03453.png
aptos_03454,0,no_diabetic_retinopathy,train_images\aptos_03454.png
aptos_03455,0,no_diabetic_retinopathy,train_images\aptos_03455.png
aptos_03456,4,proliferative_retinopathy,train_images\aptos_03456.png
aptos_03457,0,no_diabetic_retinopathy,train_images\aptos_03457.png
aptos_03458,0,no_diabetic_retinopathy,train_images\aptos_03458.png
aptos_03459,0,no_diabetic_retinopathy,train_images\aptos_03459.png
aptos_03460,4,proliferative_retinopathy,train_images\aptos_03460.png
aptos_03461,0,no_diabetic_retinopathy,train_images\aptos_03461.png
aptos_03462,0,no_diabetic_retinopathy,train_images\aptos_03462.png
aptos_03463,0,no_diabetic_retinopathy,train_images\aptos_03463.png
aptos_03464,2,moderate_retinopathy,train_images\aptos_03464.png
aptos_03465,3,severe_retinopathy,train_images\aptos_03465.png
aptos_03466,0,no_diabetic_retinopathy,train_images\aptos_03466.png
aptos_03467,3,severe_retinopathy,train_images\aptos_03467.png
aptos_03468,0,no_diabetic_retinopathy,train_images\aptos_03468.png
aptos_03469,0,no_diabetic_retinopathy,train_images\aptos_03469.png
aptos_03470,0,no_diabetic_retinopathy,train_images\aptos_03470.png
aptos_03471,2,moderate_retinopathy,train_images\aptos_03471.png
aptos_03472,1,mild_retinopathy,train_images\aptos_03472.png
aptos_03473,0,no_diabetic_retinopathy,train_images\aptos_03473.png
aptos_03474,4,proliferative_retinopathy,train_images\aptos_03474.png
aptos_03475,2,moderate_retinopathy,train_images\aptos_03475.png
aptos_03476,0,no_diabetic_retinopathy,train_images\aptos_03476.png
aptos_03477,2,moderate_retinopathy,train_images\aptos_03477.png
aptos_03478,0,no_diabetic_retinopathy,train_images\aptos_03478.png
aptos_03479,4,proliferative_retinopathy,train_images\aptos_03479.png
aptos_03480,2,moderate_retinopathy,train_images\aptos_03480.png
aptos_03481,0,no_diabetic_retinopathy,train_images\aptos_03481.png
aptos_03482,2,moderate_retinopathy,train_images\aptos_03482.png
aptos_03483,0,no_diabetic_retinopathy,train_images\aptos_03483.png
aptos_03484,0,no_diabetic_retinopathy,train_images\aptos_03484.png
aptos_03485,0,no_diabetic_retinopathy,train_images\aptos_03485.png
aptos_03486,0,no_diabetic_retinopathy,train_images\aptos_03486.png
aptos_03487,4,proliferative_retinopathy,train_images\aptos_03487.png
aptos_03488,2,moderate_retinopathy,train_images\aptos_03488.png
aptos_03489,0,no_diabetic_retinopathy,train_images\aptos_03489.png
aptos_03490,2,moderate_retinopathy,train_images\aptos_03490.png
aptos_03491,0,no_diabetic_retinopathy,train_images\aptos_03491.png
aptos_03492,0,no_diabetic_retinopathy,train_images\aptos_03492.png
aptos_03493,0,no_diabetic_retinopathy,train_images\aptos_03493.png
aptos_03494,0,no_diabetic_retinopathy,train_images\aptos_03494.png
aptos_03495,2,moderate_retinopathy,train_images\aptos_03495.png
aptos_03496,0,no_diabetic_retinopathy,train_images\aptos_03496.png
aptos_03497,2,moderate_retinopathy,train_images\aptos_03497.png
aptos_03498,0,no_diabetic_retinopathy,train_images\aptos_03498.png
aptos_03499,2,moderate_retinopathy,train_images\aptos_03499.png
aptos_03500,0,no_diabetic_retinopathy,train_images\aptos_03500.png
aptos_03501,2,moderate_retinopathy,train_images\aptos_03501.png
aptos_03502,0,no_diabetic_retinopathy,train_images\aptos_03502.png
aptos_03503,0,no_diabetic_retinopathy,train_images\aptos_03503.png
aptos_03504,0,no_diabetic_retinopathy,train_images\aptos_03504.png
aptos_03505,2,moderate_retinopathy,train_images\aptos_03505.png
aptos_03506,2,moderate_retinopathy,train_images\aptos_03506.png
aptos_03507,1,mild_retinopathy,train_images\aptos_03507.png
aptos_03508,1,mild_retinopathy,train_images\aptos_03508.png
aptos_03509,0,no_diabetic_retinopathy,train_images\aptos_03509.png
aptos_03510,0,no_diabetic_retinopathy,train_images\aptos_03510.png
aptos_03511,0,no_diabetic_retinopathy,train_images\aptos_03511.png
aptos_03512,0,no_diabetic_retinopathy,train_images\aptos_03512.png
aptos_03513,2,moderate_retinopathy,train_images\aptos_03513.png
aptos_03514,0,no_diabetic_retinopathy,train_images\aptos_03514.png
aptos_03515,0,no_diabetic_retinopathy,train_images\aptos_03515.png
aptos_03516,0,no_diabetic_retinopathy,train_images\aptos_03516.png
aptos_03517,0,no_diabetic_retinopathy,train_images\aptos_03517.png
aptos_03518,0,no_diabetic_retinopathy,train_images\aptos_03518.png
aptos_03519,4,proliferative_retinopathy,train_images\aptos_03519.png
aptos_03520,1,mild_retinopathy,train_images\aptos_03520.png
aptos_03521,1,mild_retinopathy,train_images\aptos_03521.png
aptos_03522,0,no_diabetic_retinopathy,train_images\aptos_03522.png
aptos_03523,0,no_diabetic_retinopathy,train_images\aptos_03523.png
aptos_03524,3,severe_retinopathy,train_images\aptos_03524.png
aptos_03525,0,no_diabetic_retinopathy,train_images\aptos_03525.png
aptos_03526,0,no_diabetic_retinopathy,train_images\aptos_03526.png
aptos_03527,2,moderate_retinopathy,train_images\aptos_03527.png
aptos_03528,0,no_diabetic_retinopathy,train_images\aptos_03528.png
aptos_03529,4,proliferative_retinopathy,train_images\aptos_03529.png
aptos_03530,0,no_diabetic_retinopathy,train_images\aptos_03530.png
aptos_03531,3,severe_retinopathy,train_images\aptos_03531.png
aptos_03532,0,no_diabetic_retinopathy,train_images\aptos_03532.png
aptos_03533,4,proliferative_retinopathy,train_images\aptos_03533.png
aptos_03534,2,moderate_retinopathy,train_images\aptos_03534.png
aptos_03535,2,moderate_retinopathy,train_images\aptos_03535.png
aptos_03536,0,no_diabetic_retinopathy,train_images\aptos_03536.png
aptos_03537,0,no_diabetic_retinopathy,train_images\aptos_03537.png
aptos_03538,3,severe_retinopathy,train_images\aptos_03538.png
aptos_03539,0,no_diabetic_retinopathy,train_images\aptos_03539.png
aptos_03540,0,no_diabetic_retinopathy,train_images\aptos_03540.png
aptos_03541,0,no_diabetic_retinopathy,train_images\aptos_03541.png
aptos_03542,2,moderate_retinopathy,train_images\aptos_03542.png
aptos_03543,4,proliferative_retinopathy,train_images\aptos_03543.png
aptos_03544,0,no_diabetic_retinopathy,train_images\aptos_03544.png
aptos_03545,4,proliferative_retinopathy,train_images\aptos_03545.png
aptos_03546,3,severe_retinopathy,train_images\aptos_03546.png
aptos_03547,1,mild_retinopathy,train_images\aptos_03547.png
aptos_03548,0,no_diabetic_retinopathy,train_images\aptos_03548.png
aptos_03549,0,no_diabetic_retinopathy,train_images\aptos_03549.png
aptos_03550,0,no_diabetic_retinopathy,train_images\aptos_03550.png
aptos_03551,0,no_diabetic_retinopathy,train_images\aptos_03551.png
aptos_03552,4,proliferative_retinopathy,train_images\aptos_03552.png
aptos_03553,1,mild_retinopathy,train_images\aptos_03553.png
aptos_03554,0,no_diabetic_retinopathy,train_images\aptos_03554.png
aptos_03555,1,mild_retinopathy,train_images\aptos_03555.png
aptos_03556,0,no_diabetic_retinopathy,train_images\aptos_03556.png
aptos_03557,0,no_diabetic_retinopathy,train_images\aptos_03557.png
aptos_03558,0,no_diabetic_retinopathy,train_images\aptos_03558.png
aptos_03559,2,moderate_retinopathy,train_images\aptos_03559.png
aptos_03560,1,mild_retinopathy,train_images\aptos_03560.png
aptos_03561,2,moderate_retinopathy,train_images\aptos_03561.png
aptos_03562,0,no_diabetic_retinopathy,train_images\aptos_03562.png
aptos_03563,2,moderate_retinopathy,train_images\aptos_03563.png
aptos_03564,4,proliferative_retinopathy,train_images\aptos_03564.png
aptos_03565,0,no_diabetic_retinopathy,train_images\aptos_03565.png
aptos_03566,0,no_diabetic_retinopathy,train_images\aptos_03566.png
aptos_03567,0,no_diabetic_retinopathy,train_images\aptos_03567.png
aptos_03568,4,proliferative_retinopathy,train_images\aptos_03568.png
aptos_03569,0,no_diabetic_retinopathy,train_images\aptos_03569.png
aptos_03570,0,no_diabetic_retinopathy,train_images\aptos_03570.png
aptos_03571,2,moderate_retinopathy,train_images\aptos_03571.png
aptos_03572,3,severe_retinopathy,train_images\aptos_03572.png
aptos_03573,0,no_diabetic_retinopathy,train_images\aptos_03573.png
aptos_03574,3,severe_retinopathy,train_images\aptos_03574.png
aptos_03575,0,no_diabetic_retinopathy,train_images\aptos_03575.png
aptos_03576,2,moderate_retinopathy,train_images\aptos_03576.png
aptos_03577,0,no_diabetic_retinopathy,train_images\aptos_03577.png
aptos_03578,0,no_diabetic_retinopathy,train_images\aptos_03578.png
aptos_03579,2,moderate_retinopathy,train_images\aptos_03579.png
aptos_03580,2,moderate_retinopathy,train_images\aptos_03580.png
aptos_03581,0,no_diabetic_retinopathy,train_images\aptos_03581.png
aptos_03582,0,no_diabetic_retinopathy,train_images\aptos_03582.png
aptos_03583,0,no_diabetic_retinopathy,train_images\aptos_03583.png
aptos_03584,2,moderate_retinopathy,train_images\aptos_03584.png
aptos_03585,2,moderate_retinopathy,train_images\aptos_03585.png
aptos_03586,0,no_diabetic_retinopathy,train_images\aptos_03586.png
aptos_03587,2,moderate_retinopathy,train_images\aptos_03587.png
aptos_03588,0,no_diabetic_retinopathy,train_images\aptos_03588.png
aptos_03589,4,proliferative_retinopathy,train_images\aptos_03589.png
aptos_03590,0,no_diabetic_retinopathy,train_images\aptos_03590.png
aptos_03591,2,moderate_retinopathy,train_images\aptos_03591.png
aptos_03592,0,no_diabetic_retinopathy,train_images\aptos_03592.png
aptos_03593,0,no_diabetic_retinopathy,train_images\aptos_03593.png
aptos_03594,0,no_diabetic_retinopathy,train_images\aptos_03594.png
aptos_03595,2,moderate_retinopathy,train_images\aptos_03595.png
aptos_03596,0,no_diabetic_retinopathy,train_images\aptos_03596.png
aptos_03597,3,severe_retinopathy,train_images\aptos_03597.png
aptos_03598,4,proliferative_retinopathy,train_images\aptos_03598.png
aptos_03599,1,mild_retinopathy,train_images\aptos_03599.png
aptos_03600,0,no_diabetic_retinopathy,train_images\aptos_03600.png
aptos_03601,0,no_diabetic_retinopathy,train_images\aptos_03601.png
aptos_03602,0,no_diabetic_retinopathy,train_images\aptos_03602.png
aptos_03603,2,moderate_retinopathy,train_images\aptos_03603.png
aptos_03604,0,no_diabetic_retinopathy,train_images\aptos_03604.png
aptos_03605,0,no_diabetic_retinopathy,train_images\aptos_03605.png
aptos_03606,0,no_diabetic_retinopathy,train_images\aptos_03606.png
aptos_03607,2,moderate_retinopathy,train_images\aptos_03607.png
aptos_03608,2,moderate_retinopathy,train_images\aptos_03608.png
aptos_03609,2,moderate_retinopathy,train_images\aptos_03609.png
aptos_03610,2,moderate_retinopathy,train_images\aptos_03610.png
aptos_03611,0,no_diabetic_retinopathy,train_images\aptos_03611.png
aptos_03612,0,no_diabetic_retinopathy,train_images\aptos_03612.png
aptos_03613,0,no_diabetic_retinopathy,train_images\aptos_03613.png
aptos_03614,0,no_diabetic_retinopathy,train_images\aptos_03614.png
aptos_03615,1,mild_retinopathy,train_images\aptos_03615.png
aptos_03616,0,no_diabetic_retinopathy,train_images\aptos_03616.png
aptos_03617,2,moderate_retinopathy,train_images\aptos_03617.png
aptos_03618,3,severe_retinopathy,train_images\aptos_03618.png
aptos_03619,0,no_diabetic_retinopathy,train_images\aptos_03619.png
aptos_03620,4,proliferative_retinopathy,train_images\aptos_03620.png
aptos_03621,0,no_diabetic_retinopathy,train_images\aptos_03621.png
aptos_03622,0,no_diabetic_retinopathy,train_images\aptos_03622.png
aptos_03623,2,moderate_retinopathy,train_images\aptos_03623.png
aptos_03624,0,no_diabetic_retinopathy,train_images\aptos_03624.png
aptos_03625,1,mild_retinopathy,train_images\aptos_03625.png
aptos_03626,0,no_diabetic_retinopathy,train_images\aptos_03626.png
aptos_03627,3,severe_retinopathy,train_images\aptos_03627.png
aptos_03628,0,no_diabetic_retinopathy,train_images\aptos_03628.png
aptos_03629,0,no_diabetic_retinopathy,train_images\aptos_03629.png
aptos_03630,1,mild_retinopathy,train_images\aptos_03630.png
aptos_03631,4,proliferative_retinopathy,train_images\aptos_03631.png
aptos_03632,0,no_diabetic_retinopathy,train_images\aptos_03632.png
aptos_03633,0,no_diabetic_retinopathy,train_images\aptos_03633.png
aptos_03634,3,severe_retinopathy,train_images\aptos_03634.png
aptos_03635,1,mild_retinopathy,train_images\aptos_03635.png
aptos_03636,2,moderate_retinopathy,train_images\aptos_03636.png
aptos_03637,0,no_diabetic_retinopathy,train_images\aptos_03637.png
aptos_03638,0,no_diabetic_retinopathy,train_images\aptos_03638.png
aptos_03639,1,mild_retinopathy,train_images\aptos_03639.png
aptos_03640,1,mild_retinopathy,train_images\aptos_03640.png
aptos_03641,0,no_diabetic_retinopathy,train_images\aptos_03641.png
aptos_03642,1,mild_retinopathy,train_images\aptos_03642.png
aptos_03643,0,no_diabetic_retinopathy,train_images\aptos_03643.png
aptos_03644,0,no_diabetic_retinopathy,train_images\aptos_03644.png
aptos_03645,0,no_diabetic_retinopathy,train_images\aptos_03645.png
aptos_03646,2,moderate_retinopathy,train_images\aptos_03646.png
aptos_03647,0,no_diabetic_retinopathy,train_images\aptos_03647.png
aptos_03648,2,moderate_retinopathy,train_images\aptos_03648.png
aptos_03649,0,no_diabetic_retinopathy,train_images\aptos_03649.png
aptos_03650,0,no_diabetic_retinopathy,train_images\aptos_03650.png
aptos_03651,0,no_diabetic_retinopathy,train_images\aptos_03651.png
aptos_03652,2,moderate_retinopathy,train_images\aptos_03652.png
aptos_03653,0,no_diabetic_retinopathy,train_images\aptos_03653.png
aptos_03654,0,no_diabetic_retinopathy,train_images\aptos_03654.png
aptos_03655,2,moderate_retinopathy,train_images\aptos_03655.png
aptos_03656,4,proliferative_retinopathy,train_images\aptos_03656.png
aptos_03657,2,moderate_retinopathy,train_images\aptos_03657.png
aptos_03658,0,no_diabetic_retinopathy,train_images\aptos_03658.png
aptos_03659,2,moderate_retinopathy,train_images\aptos_03659.png
aptos_03660,0,no_diabetic_retinopathy,train_images\aptos_03660.png
aptos_03661,2,moderate_retinopathy,train_images\aptos_03661.png
